title,status,proposal_date,categories,party_cleaned
ร่างพระราชบัญญัติชั่วโมงปฏิบัติงานด้านสาธารณสุขที่เหมาะสมเพื่อความปลอดภัยของผู้ป่วย พ.ศ. ....,IN_PROGRESS,2025-10-15,สาธารณสุข,พรรคประชาธิปัตย์
ร่างพระราชบัญญัติชั่วโมงปฏิบัติงานด้านสาธารณสุขที่เหมาะสมเพื่อความปลอดภัยของผู้ป่วย พ.ศ. ....,IN_PROGRESS,2025-10-15,สาธารณสุข,พรรครวมไทยสร้างชาติ
ร่างพระราชบัญญัติชั่วโมงปฏิบัติงานด้านสาธารณสุขที่เหมาะสมเพื่อความปลอดภัยของผู้ป่วย พ.ศ. ....,IN_PROGRESS,2025-10-15,สาธารณสุข,พรรคประชาธิปัตย์
ร่างพระราชบัญญัติข้อมูลข่าวสารสาธารณะ พ.ศ. ....,IN_PROGRESS,2025-10-30,การเมือง,พรรคประชาชน
ร่างพระราชบัญญัติสภาครูและบุคลากรทางการศึกษา (ฉบับที่ ..) พ.ศ. ....,MERGED,2025-09-03,การศึกษา,พรรคครูไทยเพื่อประชาชน
ร่างพระราชบัญญัติสภาครูและบุคลากรทางการศึกษา (ฉบับที่ ..) พ.ศ. ....,MERGED,2025-09-03,การศึกษา,พรรคกล้าธรรม
ร่างพระราชบัญญัติสภาครูและบุคลากรทางการศึกษา (ฉบับที่ ..) พ.ศ. ....,MERGED,2025-09-03,การศึกษา,พรรคครูไทยเพื่อประชาชน
ร่างพระราชบัญญัติการส่งเสริมวิทยาศาสตร์ การวิจัยและนวัตกรรม (ฉบับที่ ..) พ.ศ. ....,IN_PROGRESS,2025-09-02,เศรษฐกิจ,พรรคเพื่อไทย
ร่างพระราชบัญญัติโรงงาน (ฉบับที่ ..) พ.ศ. ....,IN_PROGRESS,2025-09-01,เศรษฐกิจ,พรรคประชาชน
ร่างพระราชบัญญัติธรรมนูญศาลทหาร (ฉบับที่่ ..) พ.ศ. ....,REJECTED,2025-07-30,กระบวนการยุติธรรม,พรรคประชาชาติ
ร่างพระราชบัญญัติการเปลี่ยนแปลงสภาพภูมิอากาศ พ.ศ. ....,IN_PROGRESS,2024-09-25,สิ่งแวดล้อม,พรรคเพื่อไทย
ร่างพระราชบัญญัติฝุ่นพิษและการก่อมลพิษข้ามพรมแดน พ.ศ. ....,MERGED,2023-12-13,สิ่งแวดล้อม,พรรคประชาชน
พระราชบัญญัติยกเลิกคำสั่งหัวหน้าคณะรักษาความสงบแห่งชาติ ที่ 14/2559 เรื่อง คณะกรรมการที่ปรึกษาการบริหารและการพัฒนาจังหวัดชายแดนภาคใต้ และการกำหนดอำนาจหน้าที่ของกองอำนวยการรักษาความมั่นคงภายในราชอาณาจักร ลงวันที่ 4 เมษายน พุทธศักราช 2559 พ.ศ. ....,MERGED,2023-09-27,การเมือง,พรรคประชาธิปัตย์
ร่างพระราชบัญญัติลักษณะปกครองท้องที่ (ฉบับที่ ..) พ.ศ. ....,REJECTED,2025-01-29,การเมือง,พรรคภูมิใจไทย
ร่างพระราชบัญญัติองค์กรจัดสรรคลื่นความถี่และกำกับการประกอบกิจการวิทยุกระจายเสียง วิทยุโทรทัศน์ และกิจการโทรคมนาคม (ฉบับที่ ..) พ.ศ. ....,IN_PROGRESS,2025-01-22,เศรษฐกิจ,พรรคประชาชน
ร่างพระราชบัญญัติการประกอบธุรกิจข้อมูลเครดิต (ฉบับที่ ..) พ.ศ. ....,IN_PROGRESS,2024-01-09,เศรษฐกิจ,พรรครวมไทยสร้างชาติ
ร่างพระราชบัญญัติยกเลิกคำสั่งหัวหน้าคณะรักษาความสงบแห่งชาติ ที่ 8/2560 เรื่อง การขับเคลื่อนการปฏิรูปการบริหารงานส่วนบุคคลท้องถิ่น ลงวันที่ 21 กุมภาพันธ์ พุทธศักราช 2560 พ.ศ. ....,MERGED,2025-07-30,การเมือง,พรรคภูมิใจไทย
ร่างพระราชบัญญัติการขนส่งทางราง พ.ศ. ....,MERGED,2024-09-11,เศรษฐกิจ,พรรคเพื่อไทย
ร่างพระราชบัญญัติกำหนดแผนและขั้นตอนการกระจายอำนาจให้แก่องค์กรปกครองส่วนท้องถิ่น (ฉบับที่ ..) พ.ศ. ....,IN_PROGRESS,2024-04-05,การเมือง,พรรคประชาชาติ
ร่างพระราชบัญญัติการบริหารจัดการขยะและการหมุนเวียนทรัพยากร พ.ศ. ....,REJECTED,2023-12-13,สิ่งแวดล้อม,พรรคประชาชน
ร่างพระราชบัญญัติอาสาสมัครกู้ภัยแห่งชาติ พ.ศ. ....,IN_PROGRESS,2025-07-30,สวัสดิการ,พรรคภูมิใจไทย
ร่างพระราชบัญญัติความรับผิดเพื่อความชำรุดบกพร่องของสินค้า พ.ศ. ....,IN_PROGRESS,2025-10-29,เศรษฐกิจ,พรรคประชาชน
ร่างพระราชบัญญัติสหภาพแรงงาน พ.ศ. ....,REJECTED,2024-04-04,แรงงาน,พรรคประชาชน
ร่างพระราชบัญญัติโรงงาน (ฉบับที่ ..) พ.ศ. ....,REJECTED,2024-09-05,เศรษฐกิจ,พรรครวมไทยสร้างชาติ
ร่างพระราชบัญญัติบริหารจัดการเพื่ออากาศสะอาด พ.ศ. ....,MERGED,2023-12-01,สิ่งแวดล้อม,พรรคพลังประชารัฐ
ร่างพระราชบัญญัติอาสาสมัครสาธารณสุข พ.ศ. ....,REJECTED,2023-09-21,สาธารณสุข,พรรคเพื่อไทย
ร่างพระราชบัญญัติกัญชา กัญชง พ.ศ. ....,IN_PROGRESS,2025-10-09,สาธารณสุข,พรรคเพื่อไทย
พระราชบัญญัติองค์การบริหารส่วนจังหวัด (ฉบับที่ ..) พ.ศ. ....,IN_PROGRESS,2025-09-10,การเมือง,พรรคประชาชน
ร่างพระราชบัญญัติศูนย์กลางการประกอบธุรกิจทางการเงิน พ.ศ. ....,IN_PROGRESS,2025-10-09,เศรษฐกิจ,พรรคเพื่อไทย
ร่างพระราชบัญญัติการแข่งขันทางการค้า (ฉบับที่..) พ.ศ. ....,MERGED,2024-09-05,เศรษฐกิจ,พรรคประชาธิปัตย์
ร่างพระราชบัญญัติการแข่งขันทางการค้า (ฉบับที่..) พ.ศ. ....,MERGED,2024-09-05,เศรษฐกิจ,พรรครวมไทยสร้างชาติ
ร่างพระราชบัญญัติป้องกันการทารุณกรรมและการจัดสวัสดิภาพสัตว์ (ฉบับที่ ..) พ.ศ. ....,REJECTED,2023-10-26,อื่นๆ,พรรคประชาธิปัตย์
ร่างพระราชบัญญัติลักษณะปกครองท้องที่ (ฉบับที่ ..) พ.ศ. ....,REJECTED,2023-09-20,การเมือง,พรรคเพื่อไทย
ร่างพระราชบัญญัติแก้ไขเพิ่มเติมประมวลกฎหมายวิธีพิจารณาความอาญา (ฉบับที่ ..) พ.ศ. ....,REJECTED,2025-07-24,กระบวนการยุติธรรม,พรรคประชาชน
ร่างพระราชบัญญัติการประกอบกิจการโทรคมนาคม (ฉบับที่ ..) พ.ศ. ....,IN_PROGRESS,2024-09-05,เศรษฐกิจ,พรรคภูมิใจไทย
ร่างพระราชบัญญัติโคนมและผลิตภัณฑ์นม (ฉบับที่ ..) พ.ศ. ....,MERGED,2023-10-25,เศรษฐกิจ,พรรคประชาชน
ร่างพระราชบัญญัติกัญชา กัญชง พ.ศ. ....,IN_PROGRESS,2023-09-11,สาธารณสุข,พรรคภูมิใจไทย
ร่างพระราชบัญญัติกัญชา กัญชง พ.ศ. ....,IN_PROGRESS,2023-09-11,สาธารณสุข,พรรคภูมิใจไทย
ร่างพระราชบัญญัติสถานพยาบาล (ฉบับที่ ..) พ.ศ. ....,IN_PROGRESS,2025-07-23,สาธารณสุข,พรรคประชาธิปัตย์
ร่างพระราชบัญญัติสถานพยาบาล (ฉบับที่ ..) พ.ศ. ....,IN_PROGRESS,2025-07-23,สาธารณสุข,พรรครวมไทยสร้างชาติ
พระราชบัญญัติภาษีสรรพสามิต (ฉบับที่ 2) พ.ศ. 2568,ENACTED,2024-09-03,เศรษฐกิจ,พรรคเพื่อไทย
ร่างพระราชบัญญัติการผังเมือง (ฉบับที่ ..) พ.ศ. ....,IN_PROGRESS,2024-03-13,สิ่งแวดล้อม,พรรคภูมิใจไทย
ร่างพระราชบัญญัติแก้ไขเพิ่มเติมพระราชกำหนดการประมง พ.ศ. 2558 พ.ศ. ....,MERGED,2023-10-12,สิ่งแวดล้อม,พรรคพลังประชารัฐ
ร่างพระราชบัญญัติล้มละลาย (ฉบับที่ ..) พ.ศ. ....,MERGED,2023-08-31,เศรษฐกิจ,พรรคประชาชน
ร่างพระราชบัญญัติองค์กรจัดสรรคลื่นความถี่และกำกับการประกอบกิจการวิทยุกระจายเสียง วิทยุโทรทัศน์ และกิจการโทรคมนาคม (ฉบับที่ ..) พ.ศ. ....,REJECTED,2023-10-12,เศรษฐกิจ,พรรคเพื่อไทย
ร่างพระราชบัญญัติจัดตั้งศาลจังหวัดที่อำเภอปัว จังหวัดน่าน พ.ศ. ....,REJECTED,2024-03-07,กระบวนการยุติธรรม,พรรคเพื่อไทย
ร่างพระราชบัญญัติการประกอบกิจการกระจายเสียงและกิจการโทรทัศน์ (ฉบับที่ ..) พ.ศ. ....,IN_PROGRESS,2023-10-12,เศรษฐกิจ,พรรคเพื่อไทย
พระราชบัญญัติภาษีสรรพสามิต (ฉบับที่ 2) พ.ศ. 2568,MERGED,2024-08-21,เศรษฐกิจ,พรรครวมไทยสร้างชาติ
พระราชบัญญัติภาษีสรรพสามิต (ฉบับที่ 2) พ.ศ. 2568,MERGED,2024-08-21,เศรษฐกิจ,พรรคประชาธิปัตย์
ร่างพระราชบัญญัติกัญชา กัญชง พ.ศ. ....,IN_PROGRESS,2024-02-29,สาธารณสุข,พรรคประชาชน
ร่างพระราชบัญญัติแก้ไขเพิ่มเติมพระราชกำหนดการประมง พ.ศ. 2558 พ.ศ. ....,MERGED,2023-09-27,สิ่งแวดล้อม,พรรคประชาธิปัตย์
ร่างพระราชบัญญัติโรงงาน (ฉบับที่..) พ.ศ. ....,MERGED,2025-09-01,เศรษฐกิจ,พรรคประชาชน
ร่างพระราชบัญญัติภาพยนตร์ พ.ศ. ....,IN_PROGRESS,2024-02-29,วัฒนธรรม,พรรคประชาชน
ร่างพระราชบัญญัติลำไย พ.ศ. ....,MERGED,2024-07-24,เศรษฐกิจ,พรรคประชาชน
ร่างพระราชบัญญัติกิจการฮัจย์ พ.ศ. ....,IN_PROGRESS,2023-08-30,วัฒนธรรม,พรรคภูมิใจไทย
ร่างพระราชบัญญัติกิจการฮัจย์ พ.ศ. ....,IN_PROGRESS,2023-08-30,วัฒนธรรม,พรรคภูมิใจไทย
พระราชบัญญัติคุ้มครองแรงงาน (ฉบับที่ ..) พ.ศ. ....,ENACTED,2024-02-29,แรงงาน,พรรคภูมิใจไทย
ร่างพระราชบัญญัติการประกอบกิจการกระจายเสียงและกิจการโทรทัศน์ (ฉบับที่ ..) พ.ศ. ....,MERGED,2024-07-09,เศรษฐกิจ,พรรคประชาชน
ร่างพระราชบัญญัติอากาศสะอาดเพื่อประชาชน พ.ศ. ....,MERGED,2023-09-27,สิ่งแวดล้อม,พรรคภูมิใจไทย
ร่างพระราชบัญญัติอากาศสะอาดเพื่อประชาชน พ.ศ. ....,MERGED,2023-09-27,สิ่งแวดล้อม,พรรคภูมิใจไทย
ร่างพระราชบัญญัติแก้ไขเพิ่มเติมประมวลกฎหมายอาญา (ฉบับที่ ..) พ.ศ. ....,MERGED,2024-01-17,กระบวนการยุติธรรม,พรรคประชาชน
พระราชบัญญัติสร้างเสริมสังคมสันติสุข พ.ศ. ....,MERGED,2025-07-04,การเมือง,พรรคภูมิใจไทย
พระราชบัญญัติสร้างเสริมสังคมสันติสุข พ.ศ. ....,MERGED,2025-07-04,การเมือง,พรรคภูมิใจไทย
ร่างพระราชบัญญัติเปลี่ยนแปลงฐานะขององค์การบริหารส่วนตำบลเป็นเทศบาลตำบล พ.ศ. ....,IN_PROGRESS,2024-02-28,การเมือง,พรรคเพื่อไทย
ร่างพระราชบัญญัติระเบียงเขตเศรษฐกิจพิเศษภาคใต้ พ.ศ. ....,IN_PROGRESS,2023-09-27,เศรษฐกิจ,พรรคภูมิใจไทย
ร่างพระราชบัญญัติระเบียงเขตเศรษฐกิจพิเศษภาคใต้ พ.ศ. ....,IN_PROGRESS,2023-09-27,เศรษฐกิจ,พรรคภูมิใจไทย
ร่างพระราชบัญญัติโรงแรมและสถานที่พักที่ไม่เป็นโรงแรม (ฉบับที่ ..) พ.ศ. ....,IN_PROGRESS,2025-07-02,เศรษฐกิจ,พรรคเพื่อไทย
ร่างพระราชบัญญัติป่าสงวนแห่งชาติ (ฉบับที่ ..) พ.ศ. ....,REJECTED,2024-07-03,สิ่งแวดล้อม,พรรคประชาชาติ
ร่างพระราชบัญญัติการจัดซื้อจัดจ้างและการบริหารพัสดุภาครัฐ (ฉบับที่ ..) พ.ศ. ....,IN_PROGRESS,2025-07-16,เศรษฐกิจ,พรรคประชาชน
ร่างพระราชบัญญัติราชทัณฑ์ (ฉบับที่ ..) พ.ศ. ....,IN_PROGRESS,2024-02-21,กระบวนการยุติธรรม,พรรคประชาธิปัตย์
ร่างพระราชบัญญัติอุทยานแห่งชาติ (ฉบับที่ ..) พ.ศ. ....,IN_PROGRESS,2024-07-03,สิ่งแวดล้อม,พรรคประชาชาติ
ร่างพระราชบัญญัติแก้ไขเพิ่มเติมพระราชกำหนดการประมง พ.ศ. 2558 พ.ศ. ....,MERGED,2023-09-06,สิ่งแวดล้อม,พรรคภูมิใจไทย
ร่างพระราชบัญญัติแก้ไขเพิ่มเติมพระราชกำหนดการประมง พ.ศ. 2558 พ.ศ. ....,MERGED,2023-09-06,สิ่งแวดล้อม,พรรคภูมิใจไทย
ร่างพระราชบัญญัติอาสาสมัครสาธารณสุขประจำหมู่บ้าน พ.ศ. ....,MERGED,2025-06-20,สาธารณสุข,พรรครวมไทยสร้างชาติ
ร่างพระราชบัญญัติอาสาสมัครสาธารณสุขประจำหมู่บ้าน พ.ศ. ....,MERGED,2025-06-20,สาธารณสุข,พรรคประชาธิปัตย์
ร่างพระราชบัญญัติแก้ไขเพิ่มเติมประมวลกฎหมายแพ่งและพาณิชย์ (ฉบับที่) พ.ศ. ....,IN_PROGRESS,2024-02-21,กระบวนการยุติธรรม,พรรคภูมิใจไทย
ร่างพระราชบัญญัติระเบียงเขตเศรษฐกิจพิเศษภาคใต้ พ.ศ. ....,IN_PROGRESS,2023-08-30,เศรษฐกิจ,พรรคภูมิใจไทย
ร่างพระราชบัญญัติให้ใช้ประมวลกฎหมายยาเสพติด (ฉบับที่ ..) พ.ศ. ....,REJECTED,2025-06-18,กระบวนการยุติธรรม,พรรคประชาชน
ร่างพระราชบัญญัติการแข่งขันทางการค้า (ฉบับที่..) พ.ศ. ....,IN_PROGRESS,2025-06-26,เศรษฐกิจ,พรรคประชาชน
ร่างพระราชบัญญัติสร้างเสริมสังคมสันติสุข พ.ศ. ....,IN_PROGRESS,2024-01-25,การเมือง,พรรครวมไทยสร้างชาติ
ร่างพระราชบัญญัติการจัดซื้อจัดจ้างและการบริหารพัสดุภาครัฐ (ฉบับที่ ..) พ.ศ. ....,REJECTED,2025-06-18,เศรษฐกิจ,พรรคประชาชน
ร่างพระราชบัญญัติโรงแรมและสถานที่พักที่ไม่เป็นโรงแรม (ฉบับที่ ..) พ.ศ. ....,REJECTED,2025-06-17,เศรษฐกิจ,พรรคเพื่อไทย
ร่างพระราชบัญญัติแก้ไขเพิ่มเติมประมวลกฎหมายอาญา (ฉบับที่ ..) พ.ศ. ....,IN_PROGRESS,2024-02-15,กระบวนการยุติธรรม,พรรคประชาชาติ
ร่างพระราชบัญญัติธรรมนูญศาลทหาร (ฉบับที่ ..) พ.ศ. ....,IN_PROGRESS,2025-05-31,กระบวนการยุติธรรม,พรรคประชาชน
ร่างพระราชบัญญัติว่าด้วยการเวนคืนและการได้มาซึ่งอสังหาริมทรัพย์ (ฉบับที่..) พ.ศ. ....,IN_PROGRESS,2024-05-02,เศรษฐกิจ,พรรคประชาชน
ร่างพระราชบัญญัติหลักประกันสุขภาพแห่งชาติ (ฉบับที่ ..) พ.ศ. ....,IN_PROGRESS,2024-02-15,สาธารณสุข,พรรคเป็นธรรม
พระราชบัญญัติยกเลิกคำสั่งหัวหน้าคณะรักษาความสงบแห่งชาติ ที่ 14/2559 เรื่อง คณะกรรมการที่ปรึกษาการบริหารและการพัฒนาจังหวัดชายแดนภาคใต้ และการกำหนดอำนาจหน้าที่ของกองอำนวยการรักษาความมั่นคงภายในราชอาณาจักร ลงวันที่ 4 เมษายน พุทธศักราช 2559 พ.ศ. ....,MERGED,2024-02-14,การเมือง,พรรคประชาชน
ร่างพระราชบัญญัติเขตเศรษฐกิจพิเศษล้านนาตะวันออก พ.ศ. ....,REJECTED,2024-04-04,เศรษฐกิจ,พรรครวมไทยสร้างชาติ
ร่างพระราชบัญญัติเขตเศรษฐกิจพิเศษล้านนาตะวันออก พ.ศ. ....,REJECTED,2024-04-04,เศรษฐกิจ,พรรคประชาธิปัตย์
ร่างพระราชบัญญัติอาสาสมัครสาธารณสุขประจำหมู่บ้าน พ.ศ. ....,MERGED,2025-05-28,สาธารณสุข,พรรคประชาธิปัตย์
ร่างพระราชบัญญัติระเบียบบริหารงานบุคคลส่วนท้องถิ่น (ฉบับที่ ..) พ.ศ. ....,REJECTED,2024-02-14,การเมือง,พรรคเพื่อไทย
ร่างพระราชบัญญัติเขตพัฒนาพิเศษล้านนาตะวันออก พ.ศ. ....,REJECTED,2019-04-04,เศรษฐกิจ,พรรคพลังประชารัฐ
ร่างพระราชบัญญัติเขตพัฒนาพิเศษล้านนาตะวันออก พ.ศ. ....,REJECTED,2019-04-04,เศรษฐกิจ,พรรคกล้าธรรม
ร่างพระราชบัญญัติเขตพัฒนาพิเศษล้านนาตะวันออก พ.ศ. ....,REJECTED,2019-04-04,เศรษฐกิจ,พรรคเศรษฐกิจ
ร่างพระราชบัญญัติเขตพัฒนาพิเศษล้านนาตะวันออก พ.ศ. ....,REJECTED,2019-04-04,เศรษฐกิจ,พรรคพลังประชารัฐ
ร่างพระราชบัญญัติแก้ไขเพิ่มเติมประมวลกฎหมายอาญา (ฉบับที่ ..) พ.ศ. ....,REJECTED,2025-05-28,กระบวนการยุติธรรม,พรรคภูมิใจไทย
ร่างพระราชบัญญัติระเบียบบริหารงานบุคคลส่วนท้องถิ่น (ฉบับที่ ..) พ.ศ. ....,MERGED,2024-02-14,การเมือง,พรรคประชาธิปัตย์
ร่างพระราชบัญญัติปาล์มน้ำมันและผลิตภัณฑ์จากปาล์มน้ำมัน พ.ศ. ....,IN_PROGRESS,2023-08-22,เศรษฐกิจ,พรรคภูมิใจไทย
ร่างพระราชบัญญัติบริหารจัดการเพื่ออากาศสะอาด พ.ศ. ....,IN_PROGRESS,2024-01-05,สิ่งแวดล้อม,พรรคพลังประชารัฐ
พระราชบัญญัติอำนาจเรียกของคณะกรรมาธิการของสภาผู้แทนราษฎรและวุฒิสภา พ.ศ. ....,ENACTED,2024-01-04,การเมือง,พรรคภูมิใจไทย
ร่างพระราชบัญญัติอาสาสมัครสาธารณสุขประจำหมู่บ้าน พ.ศ. ....,IN_PROGRESS,2025-04-09,สาธารณสุข,พรรคประชาธิปัตย์
ร่างพระราชบัญญัติสงวนและคุ้มครองสัตว์ป่า (ฉบับที่ ..)  พ.ศ. ....,REJECTED,2024-03-13,สิ่งแวดล้อม,พรรคเพื่อไทย
ร่างพระราชบัญญัติระเบียบบริหารงานบุคคลส่วนท้องถิ่น (ฉบับที่ ..) พ.ศ. ....,IN_PROGRESS,2024-02-13,การเมือง,พรรคประชาชน
ร่างพระราชบัญญัติลำไย พ.ศ. ....,MERGED,2024-03-07,เศรษฐกิจ,พรรคพลังประชารัฐ
ร่างพระราชบัญญัติลำไย พ.ศ. ....,MERGED,2024-03-07,เศรษฐกิจ,พรรคกล้าธรรม
"ร่างพระราชบัญญัติแก้ไขเพิ่มเติมประมวลกฎหมายอาญา (ฉบับที่ ..) พ.ศ. ....
(แก้ไขเพิ่มเติม มาตรา 287)",REJECTED,2023-08-03,กระบวนการยุติธรรม,พรรคประชาชน
ร่างพระราชบัญญัติแก้ไขเพิ่มเติมประมวลกฎหมายอาญา (ฉบับที่ ..) พ.ศ. ....,REJECTED,2025-04-09,กระบวนการยุติธรรม,พรรคภูมิใจไทย
ร่างพระราชบัญญัติโรงงาน (ฉบับที่ ..) พ.ศ. ....,IN_PROGRESS,2024-02-28,เศรษฐกิจ,พรรคประชาธิปัตย์
ร่างพระราชบัญญัติโรงงาน (ฉบับที่ ..) พ.ศ. ....,IN_PROGRESS,2024-02-28,เศรษฐกิจ,พรรครวมไทยสร้างชาติ
ร่างพระราชบัญญัติการศึกษาแห่งชาติ พ.ศ. ....,IN_PROGRESS,2024-10-30,การศึกษา,พรรคครูไทยเพื่อประชาชน
ร่างพระราชบัญญัติการศึกษาแห่งชาติ พ.ศ. ....,IN_PROGRESS,2024-10-30,การศึกษา,พรรคกล้าธรรม
ร่างพระราชบัญญัติการศึกษาแห่งชาติ พ.ศ. ....,IN_PROGRESS,2024-10-30,การศึกษา,พรรคครูไทยเพื่อประชาชน
ร่างพระราชบัญญัติภาพยนตร์และวีดิทัศน์ (ฉบัับที่ ..) พ.ศ. ....,IN_PROGRESS,2024-02-07,วัฒนธรรม,พรรคภูมิใจไทย
ร่างพระราชบัญญัติเขตพัฒนาพิเศษล้านนาตะวันออก พ.ศ. ....,REJECTED,2024-03-01,เศรษฐกิจ,พรรคเพื่อไทย
ร่างพระราชบัญญัติส่งเสริมและรักษาคุณภาพสิ่งแวดล้อมแห่งชาติ (ฉบับที่ ..) พ.ศ. ....,REJECTED,2023-08-03,สิ่งแวดล้อม,พรรคประชาชน
พระราชบัญญัติว่าด้วยการออกเสียงประชามติ (ฉบับที่ ..) พ.ศ. ....,MERGED,2024-01-31,การเมือง,พรรคประชาชน
ร่างพระราชบัญญัติการปฏิรูปที่ดินเพื่อการประมงพื้นบ้าน พ.ศ. ....,REJECTED,2024-02-28,เศรษฐกิจ,พรรคภูมิใจไทย
ร่างพระราชบัญญัติการยาสูบแห่งประเทศไทย (ฉบับที่ ..) พ.ศ. ....,REJECTED,2025-03-13,เศรษฐกิจ,พรรครวมไทยสร้างชาติ
ร่างพระราชบัญญัติการยาสูบแห่งประเทศไทย (ฉบับที่ ..) พ.ศ. ....,REJECTED,2025-03-13,เศรษฐกิจ,พรรคประชาธิปัตย์
ร่างพระราชบัญญัติยุทธศาสตร์ลำไย พ.ศ. ....,IN_PROGRESS,2024-02-28,เศรษฐกิจ,พรรคเพื่อไทย
ร่างพระราชบัญญัติส่งเสริมและพัฒนาคุณภาพชีวิตคนพิการ พ.ศ. ....,IN_PROGRESS,2024-12-25,สวัสดิการ,พรรคประชาชน
ร่างพระราชบัญญัติควบคุมการขายทอดตลาดและค้าของเก่า (ฉบับที่ ..) พ.ศ. ....,IN_PROGRESS,2024-12-25,เศรษฐกิจ,พรรคประชาธิปัตย์
ร่างพระราชบัญญัติควบคุมการขายทอดตลาดและค้าของเก่า (ฉบับที่ ..) พ.ศ. ....,IN_PROGRESS,2024-12-25,เศรษฐกิจ,พรรครวมไทยสร้างชาติ
ร่างพระราชบัญญัติคุ้มครองแรงงาน (ฉบับที่ ..) พ.ศ. ....,IN_PROGRESS,2024-12-18,แรงงาน,พรรคประชาชน
ร่างพระราชบัญญัติคุ้มครองแรงงาน (ฉบับที่ ..) พ.ศ. ....,IN_PROGRESS,2024-12-18,แรงงาน,พรรคประชาชน
ร่างพระราชบัญญัติศูนย์กลางการประกอบธุรกิจทางการเงิน พ.ศ. ....,IN_PROGRESS,2025-03-06,เศรษฐกิจ,พรรคประชาธิปัตย์
ร่างพระราชบัญญัติแก้ไขเพิ่มเติมประมวลกฎหมายวิธีพิจารณาความอาญา (ฉบับที่ ..) พ.ศ. ....,IN_PROGRESS,2025-01-29,กระบวนการยุติธรรม,พรรคประชาชน
ร่างพระราชบัญญัติการปฏิรูปที่ดินเพื่อเกษตรกรรม (ฉบับที่ ..) พ.ศ. ....,IN_PROGRESS,2024-02-21,เศรษฐกิจ,พรรคภูมิใจไทย
ร่างพระราชบัญญัติระเบียบบริหารงานบุคคลส่วนท้องถิ่น (ฉบับที่ ..) พ.ศ. ....,MERGED,2023-07-04,การเมือง,พรรคเพื่อไทย
ร่างพระราชบัญญัติการศึกษาเท่าเทียม พ.ศ. ....,IN_PROGRESS,2024-12-12,การศึกษา,พรรคภูมิใจไทย
ร่างพระราชบัญญัติการศึกษาเท่าเทียม พ.ศ. ....,IN_PROGRESS,2024-12-12,การศึกษา,พรรคภูมิใจไทย
ร่างพระราชบัญญัติอาสาสมัครสาธารณสุขประจำหมู่บ้าน พ.ศ. ....,MERGED,2024-12-12,สาธารณสุข,พรรคภูมิใจไทย
ร่างพระราชบัญญัติอาสาสมัครสาธารณสุขประจำหมู่บ้าน พ.ศ. ....,MERGED,2024-12-12,สาธารณสุข,พรรคภูมิใจไทย
"ร่างพระราชบัญญัตินิรโทษกรรมแก่ราษฎร ซึ่งได้รับความเสียหายหรือได้รับผลกระทบ
จากการดำเนินการตามนโยบายของรัฐด้านที่ดินและทรัพยากรธรรมชาติ พ.ศ. ....",IN_PROGRESS,2024-11-14,กระบวนการยุติธรรม,พรรคประชาชน
ร่างพระราชบัญญัติระเบียบบริหารงานบุคคลส่วนท้องถิ่น (ฉบับที่ ..) พ.ศ. ....,IN_PROGRESS,2024-11-12,การเมือง,พรรคประชาชน
ร่างพระราชบัญญัติยกเลิกคำสั่งหัวหน้าคณะรักษาความสงบแห่งชาติ ที่ 8/2560 เรื่อง การขับเคลื่อนการปฏิรูปการบริหารงานส่วนบุคคลท้องถิ่น ลงวันที่ 21 กุมภาพันธ์ พุทธศักราช 2560 พ.ศ. ....,MERGED,2024-11-12,การเมือง,พรรคประชาชน
ร่างพระราชบัญญัติลักษณะปกครองท้องที่ (ฉบับที่ ..) พ.ศ. ....,IN_PROGRESS,2024-10-30,การเมือง,พรรคภูมิใจไทย
ร่างพระราชบัญญัติลักษณะปกครองท้องที่ (ฉบับที่ ..) พ.ศ. ....,IN_PROGRESS,2024-10-30,การเมือง,พรรคภูมิใจไทย
ร่างพระราชบัญญัติให้ใช้ประมวลกฎหมายวิธีพิจารณาความอาญา (ฉบับที่ ..) พ.ศ. ....,IN_PROGRESS,2025-02-26,กระบวนการยุติธรรม,พรรคประชาชน
ร่างพระราชบัญญัติการพนัน (ฉบับที่ ..) พ.ศ. ....,IN_PROGRESS,2024-01-22,เศรษฐกิจ,พรรครวมไทยสร้างชาติ
ร่างพระราชบัญญัติเทศบาล (ฉบับที่ ..) พ.ศ. ....,IN_PROGRESS,2024-10-30,การเมือง,พรรคภูมิใจไทย
ร่างพระราชบัญญัติเทศบาล (ฉบับที่ ..) พ.ศ. ....,IN_PROGRESS,2024-10-30,การเมือง,พรรคภูมิใจไทย
ร่างพระราชบัญญัติการศึกษาแห่งชาติ พ.ศ. ....,IN_PROGRESS,2024-10-24,การศึกษา,พรรครวมไทยสร้างชาติ
ร่างพระราชบัญญัติการศึกษาแห่งชาติ พ.ศ. ....,IN_PROGRESS,2024-10-30,การศึกษา,พรรคภูมิใจไทย
ร่างพระราชบัญญัติการศึกษาแห่งชาติ พ.ศ. ....,IN_PROGRESS,2024-10-30,การศึกษา,พรรคภูมิใจไทย
จัดระเบียบราชการกระทรวงกลาโหม (ฉบับที่ ..) พ.ศ. ....,REJECTED,2024-10-24,การเมือง,พรรคเพื่อไทย
ร่างพระราชบัญญัติองค์การบริหารส่วนจังหวัด (ฉบับที่ ..) พ.ศ. ....,REJECTED,2024-10-17,การเมือง,พรรคประชาชน
ร่างพระราชบัญญัติยกเลิกประกาศคณะรักษาความสงบแห่งชาติและคำสั่งหัวหน้าคณะรักษาความสงบแห่งชาติบางฉบับที่หมดความจำเป็นและไม่เหมาะสมกับกาลปัจจุบัน พ.ศ. ....,MERGED,2024-01-31,การเมือง,พรรคภูมิใจไทย
ร่างพระราชบัญญัติยกเลิกประกาศคณะรักษาความสงบแห่งชาติและคำสั่งหัวหน้าคณะรักษาความสงบแห่งชาติบางฉบับที่หมดความจำเป็นและไม่เหมาะสมกับกาลปัจจุบัน พ.ศ. ....,MERGED,2024-01-31,การเมือง,พรรคภูมิใจไทย
ร่างพระราชบัญญัติปาล์มน้ำมันและผลิตภัณฑ์จากปาล์มน้ำมัน พ.ศ. ....,IN_PROGRESS,2024-02-08,เศรษฐกิจ,พรรคประชาธิปัตย์
ร่างพระราชบัญญัติแก้ไขเพิ่มเติมประมวลกฎหมายอาญา (ฉบับที่ ..) พ.ศ. ....,ENACTED,2024-01-03,กระบวนการยุติธรรม,พรรคภูมิใจไทย
ร่างพระราชบัญญัติแก้ไขเพิ่มเติมประมวลกฎหมายอาญา (ฉบับที่ ..) พ.ศ. ....,ENACTED,2024-01-03,กระบวนการยุติธรรม,พรรคภูมิใจไทย
ร่างพระราชบัญญัติส่งเสริมการพัฒนาและบริหารจัดการผลไม้ไทย พ.ศ. ....,REJECTED,2024-01-04,เศรษฐกิจ,พรรคภูมิใจไทย
"ร่างพระราชบัญญัติยกเว้นความผิดให้แก่บุคคลที่ได้รับความเสียหายหรือได้รับผลกระทบ
จากการดำเนินการตามนโยบายของรัฐด้านป่าไม้และที่ดิน พ.ศ. ....",IN_PROGRESS,2024-09-05,สิ่งแวดล้อม,พรรคประชาชาติ
"ร่างพระราชบัญญัติยกเว้นความผิดให้แก่บุคคลที่ได้รับความเสียหายหรือได้รับผลกระทบ
จากการดำเนินการตามนโยบายของรัฐด้านป่าไม้และที่ดิน พ.ศ. ....",IN_PROGRESS,2024-09-05,สิ่งแวดล้อม,พรรคประชาชาติ
ร่างพระราชบัญญัติสหภาพแรงงาน พ.ศ. ....,REJECTED,2023-08-24,แรงงาน,พรรคประชาชน
ร่างพระราชบัญญัติการผังเมือง พ.ศ. ....,IN_PROGRESS,2025-09-18,สิ่งแวดล้อม,พรรคประชาชน
ร่างพระราชบัญญัติแก้ไขเพิ่มเติมประมวลกฎหมายอาญา (ฉบับที่่ .) พ.ศ. ....,IN_PROGRESS,2025-09-11,กระบวนการยุติธรรม,พรรคประชาชน
ร่างพระราชบัญญัติแก้ไขเพิ่มเติมประมวลกฎหมายวิธีพิจารณาความอาญา (ฉบับที่ ..) พ.ศ. ....,IN_PROGRESS,2025-09-11,กระบวนการยุติธรรม,พรรคประชาชน
ร่างพระราชบัญญัติแก้ไขเพิ่มเติมประมวลกฎหมายแพ่งและพาณิชย์ (ฉบับที่ ..) พ.ศ. ....,IN_PROGRESS,2025-09-11,กระบวนการยุติธรรม,พรรคประชาชน
ร่างพระราชบัญญัติอาสาสมัครสาธารณสุขประจำหมู่บ้าน พ.ศ. ....,MERGED,2024-08-22,สาธารณสุข,พรรคเพื่อไทย
ร่างพระราชบัญญัติอาสาสมัครสาธารณสุขประจำหมู่บ้าน พ.ศ. ....,MERGED,2024-08-22,สาธารณสุข,พรรคเพื่อไทย
ร่างพระราชบัญญัติแก้ไขเพิ่มเติมประมวลกฎหมายวิธีพิจารณาความแพ่ง (ฉบับที่ ..) พ.ศ. ....,IN_PROGRESS,2025-09-11,กระบวนการยุติธรรม,พรรคประชาชน
พระราชบัญญัติมาตรการของฝ่ายบริหารในการป้องกันและปราบปรามการทุจริต (ฉบับที่ 4) พ.ศ. 2568,MERGED,2023-12-19,กระบวนการยุติธรรม,พรรคประชาชน
ร่างพระราชบัญญัติระเบียบบริหารงานบุคคลส่วนท้องถิ่น (ฉบับที่ ..) พ.ศ. ....,MERGED,2025-09-02,การเมือง,พรรคเพื่อไทย
ร่างพระราชบัญญัติอาสาสมัครสาธารณสุขประจำหมู่บ้านและแนวหน้าสุขภาพ พ.ศ. ....,IN_PROGRESS,2025-08-27,สาธารณสุข,พรรคประชาชน
ร่างพระราชบัญญัติแก้ไขเพิ่มเติมประมวลกฎหมายที่ดิน (ฉบับที่ ..) พ.ศ. ....,REJECTED,2023-10-19,เศรษฐกิจ,พรรคประชาชน
ร่างพระราชบัญญัติภาพยนตร์ พ.ศ. ....,IN_PROGRESS,2025-08-27,วัฒนธรรม,พรรคเพื่อไทย
ร่างพระราชบัญญัติการประกอบธุรกิจข้อมูลเครดิต (ฉบับที่ ..) พ.ศ. ....,IN_PROGRESS,2024-10-10,เศรษฐกิจ,พรรครวมไทยสร้างชาติ
ร่างพระราชบัญญัติการขนส่งทางราง พ.ศ. ....,MERGED,2024-10-08,เศรษฐกิจ,พรรคประชาชน
ร่างพระราชบัญญัติล้มละลาย (ฉบับที่ ..) พ.ศ. ....,MERGED,2024-05-03,เศรษฐกิจ,พรรคเพื่อไทย
พระราชบัญญัติอำนาจเรียกของคณะกรรมาธิการของสภาผู้แทนราษฎรและวุฒิสภา พ.ศ. ....,MERGED,2024-04-18,การเมือง,พรรคประชาชน
ร่างพระราชบัญญัติการบริหารราชการในสถานการณ์ฉุกเฉิน พ.ศ. ....,IN_PROGRESS,2023-09-21,การเมือง,พรรคประชาชน
ร่างพระราชบัญญัติวิธีการงบประมาณ (ฉบับที่ ..) พ.ศ. ....,IN_PROGRESS,2025-09-11,เศรษฐกิจ,พรรคประชาชน
ร่างพระราชบัญญัติการขนส่งทางบก (ฉบับที่ ..) พ.ศ. ....,IN_PROGRESS,2025-09-10,เศรษฐกิจ,พรรคประชาชน
ร่างพระราชบัญญัติป้องกันและปราบปรามการกระทำความผิดร้ายแรงต่อสันติภาพและมนุษยชาติ พ.ศ. ....,IN_PROGRESS,2024-08-14,กระบวนการยุติธรรม,พรรคประชาชน
พระราชบัญญัติควบคุมเครื่องดื่มแอลกอฮอล์ (ฉบับที่ ..) พ.ศ. ....,MERGED,2024-03-11,สาธารณสุข,พรรคเพื่อไทย
ร่างพระราชบัญญัติการจัดสรรที่ดิน (ฉบับที่ ..) พ.ศ. ....,MERGED,2023-09-02,เศรษฐกิจ,พรรคประชาชน
ร่างพระราชบัญญัติอากาศสะอาดเพื่อสิทธิมนุษยชนขั้นพื้นฐาน พ.ศ. ....,MERGED,2023-09-26,สิ่งแวดล้อม,พรรคเพื่อไทย
ร่างพระราชบัญญัติการบริหารจัดการระบบตั๋วร่วม พ.ศ. ....,MERGED,2025-01-22,เศรษฐกิจ,พรรคประชาชน
ร่างพระราชบัญญัติสวนป่า (ฉบับที่ ..) พ.ศ. ....,REJECTED,2025-07-23,สิ่งแวดล้อม,พรรคประชาชน
ร่างพระราชบัญญัติรับราชการทหาร พ.ศ. ....,IN_PROGRESS,2024-02-21,การเมือง,พรรคประชาชน
พระราชบัญญัติคุ้มครองแรงงาน (ฉบับที่ ..) พ.ศ. ....,MERGED,2023-08-24,แรงงาน,พรรคประชาชน
ร่างพระราชบัญญัติแก้ไขเพิ่มเติมพระราชกำหนดการประมง พ.ศ. 2558 พ.ศ. ....,MERGED,2023-09-20,สิ่งแวดล้อม,พรรคเพื่อไทย
ร่างพระราชบัญญัติคุ้มครองแรงงาน (ฉบับที่ ..) พ.ศ. ....,REJECTED,2023-08-24,แรงงาน,พรรคประชาชน
ร่างพระราชบัญญัติภาษีที่ดินรวมแปลง พ.ศ. ....,REJECTED,2023-08-24,เศรษฐกิจ,พรรคประชาชน
ร่างพระราชบัญญัติบำนาญพื้นฐานถ้วนหน้า พ.ศ. ....,REJECTED,2023-08-24,สวัสดิการ,พรรคประชาชน
พระราชบัญญัติแก้ไขเพิ่มเติมประมวลกฎหมายแพ่งและพาณิชย์ (ฉบับที่ 24) พ.ศ. 2567,MERGED,2023-08-09,กระบวนการยุติธรรม,พรรคประชาชน
ร่างพระราชบัญญัติภาษีที่ดินและสิ่งปลูกสร้าง (ฉบับที่ ..) พ.ศ. ....,REJECTED,2023-08-24,เศรษฐกิจ,พรรคประชาชน
ร่างพระราชบัญญัติว่าด้วยการเวนคืนและการได้มาซึ่งอสังหาริมทรัพย์ (ฉบับที่..) พ.ศ. ....,REJECTED,2023-08-09,เศรษฐกิจ,พรรคประชาชน
ร่างพระราชบัญญัติข้อมูลข่าวสารสาธารณะ พ.ศ. ....,IN_PROGRESS,2023-08-09,การเมือง,พรรคประชาชน
ร่างพระราชบัญญัติแก้ไขเพิ่มเติมพระราชกำหนดการประมง พ.ศ. 2558 พ.ศ. ....,MERGED,2023-08-24,สิ่งแวดล้อม,พรรคประชาชน
ร่างพระราชบัญญัติภาษีความมั่งคั่ง พ.ศ. ....,REJECTED,2023-08-24,เศรษฐกิจ,พรรคประชาชน
ร่างพระราชบัญญัติการรับรองเพศ คำนำหน้านาม และการคุ้มครองบุคคลผู้มีความหลากหลายทางเพศ พ.ศ. ....,REJECTED,2023-08-09,สวัสดิการ,พรรคประชาชน
ร่างพระราชบัญญัติส่งเสริมการลดก๊าซเรือนกระจกและคาร์บอนเครดิต พ.ศ. ....,IN_PROGRESS,2024-03-21,สิ่งแวดล้อม,พรรคพลังประชารัฐ
ร่างพระราชบัญญัติส่งเสริมการลดก๊าซเรือนกระจกและคาร์บอนเครดิต พ.ศ. ....,IN_PROGRESS,2024-03-21,สิ่งแวดล้อม,พรรคพลังประชารัฐ
ร่างพระราชบัญญัติกำหนดแผนและขั้นตอนการกระจายอำนาจให้แก่องค์กรปกครองส่วนท้องถิ่น (ฉบับที่ ..) พ.ศ. ....,REJECTED,2023-08-09,การเมือง,พรรคประชาชน
ร่างพระราชบัญญัติการศึกษาแห่งชาติ พ.ศ. ....,IN_PROGRESS,2025-01-15,การศึกษา,พรรคประชาชน
ร่างพระราชบัญญัติส่งเสริมและคุ้มครองกลุ่มชาติพันธุ์และชนเผ่าพื้นเมือง พ.ศ. ....,MERGED,2023-08-09,วัฒนธรรม,พรรคประชาชน
ร่างพระราชบัญญัติถนน พ.ศ. ....,REJECTED,2023-07-12,เศรษฐกิจ,พรรคประชาชน
ร่างพระราชบัญญัติการขนส่งทางบก (ฉบับที่ ..) พ.ศ. ....,REJECTED,2023-07-12,เศรษฐกิจ,พรรคประชาชน
ร่างพระราชบัญญัติยกเลิกประกาศคณะรักษาความสงบแห่งชาติและคำสั่งหัวหน้าคณะรักษาความสงบแห่งชาติ พ.ศ. ....,MERGED,2023-07-21,การเมือง,พรรคประชาชน
ร่างพระราชบัญญัติการอำนวยความสะดวกในการพิจารณาอนุญาตและการให้บริการแก่ประชาชน พ.ศ. ....,MERGED,2023-08-09,การเมือง,พรรคประชาชน
ร่างพระราชบัญญัติการปฏิรูปที่ดินเพื่อเกษตรกรรม (ฉบับที่ ..) พ.ศ. ....,IN_PROGRESS,2025-03-19,เศรษฐกิจ,พรรคเพื่อไทย
ร่างพระราชบัญญัติยกเลิกพระราชบัญญัติการรักษาความมั่นคงภายในราชอาณาจักร พ.ศ. 2551 พ.ศ. ....,REJECTED,2023-07-12,การเมือง,พรรคประชาชน
ร่างพระราชบัญญัติการแข่งขันทางการค้า (ฉบับที่..) พ.ศ. ....,MERGED,2023-08-03,เศรษฐกิจ,พรรคประชาชน
ร่างพระราชบัญญัติองค์กรจัดสรรคลื่นความถี่และกำกับการประกอบกิจการวิทยุกระจายเสียง วิทยุโทรทัศน์ และกิจการโทรคมนาคม (ฉบับที่ ..) พ.ศ. ....,MERGED,2025-03-19,เศรษฐกิจ,พรรคเพื่อไทย
ร่างพระราชบัญญัติจัดระเบียบราชการกระทรวงกลาโหม (ฉบับที่ ..) พ.ศ. ....,IN_PROGRESS,2023-07-12,การเมือง,พรรคประชาชน
ร่างพระราชบัญญัติโรงแรมและสถานที่พักค้างคืน พ.ศ. ....,IN_PROGRESS,2025-03-13,เศรษฐกิจ,พรรคประชาชน
"ร่างพระราชบัญญัติองค์กรจัดสรรคลื่นความถี่และกำกับการประกอบกิจการวิทยุกระจายเสียง วิทยุโทรทัศน์ 
และกิจการโทรคมนาคม (ฉบับที่ ..) พ.ศ. ....",IN_PROGRESS,2025-03-19,เศรษฐกิจ,พรรคเพื่อไทย
ร่างพระราชบัญญัติการแข่งขันทางการค้า (ฉบับที่..) พ.ศ. ....,IN_PROGRESS,2023-07-21,เศรษฐกิจ,พรรคประชาชน
ร่างพระราชบัญญัติรับราชการทหาร พ.ศ. ....,REJECTED,2023-07-12,การเมือง,พรรคประชาชน
ร่างพระราชบัญญัติคุ้มครองและส่งเสริมวิถีชีวิตกลุ่มชาติพันธุ์ พ.ศ. ....,MERGED,2024-02-01,วัฒนธรรม,พรรคเพื่อไทย
ร่างพระราชบัญญัติภาษีสรรพสามิต (ฉบับที่..) พ.ศ. ....,REJECTED,2023-07-12,เศรษฐกิจ,พรรคประชาชน
พระราชบัญญัติว่าด้วยการออกเสียงประชามติ (ฉบับที่ ..) พ.ศ. ....,MERGED,2024-01-30,การเมือง,พรรคเพื่อไทย
ร่างพระราชบัญญัติวินัยการเงินการคลังของรัฐ (ฉบับที่ ..) พ.ศ. ....,REJECTED,2023-07-12,เศรษฐกิจ,พรรคประชาชน
ร่างพระราชบัญญัติการศึกษาแห่งชาติ พ.ศ. ....,IN_PROGRESS,2024-10-25,การศึกษา,พรรคเพื่อไทย
ร่างพระราชบัญญัติเทศบาล (ฉบับที่ ..) พ.ศ. ....,IN_PROGRESS,2024-10-24,การเมือง,พรรคท้องที่ไทย
ร่างพระราชบัญญัติเทศบาล (ฉบับที่ ..) พ.ศ. ....,IN_PROGRESS,2024-10-24,การเมือง,พรรคกล้าธรรม
ร่างพระราชบัญญัติลักษณะปกครองท้องที่ (ฉบับที่ ..) พ.ศ. ....,IN_PROGRESS,2024-10-24,การเมือง,พรรคท้องที่ไทย
ร่างพระราชบัญญัติลักษณะปกครองท้องที่ (ฉบับที่ ..) พ.ศ. ....,IN_PROGRESS,2024-10-24,การเมือง,พรรคกล้าธรรม
"ร่างพระราชบัญญัติแก้ไขเพิ่มเติมประมวลกฎหมายอาญา (ฉบับที่ ..) พ.ศ. .... 
(แก้ไขเพิ่มเติมเงื่อนไขการฟ้องคดีอาญา)",IN_PROGRESS,2025-10-22,กระบวนการยุติธรรม,พรรคประชาชน
"ร่างพระราชบัญญัติยกเว้นความผิดให้แก่บุคคลที่ได้รับความเสียหายหรือได้รับผลกระทบ
จากการดำเนินการตามนโยบายของรัฐด้านป่าไม้และที่ดิน พ.ศ. ....",IN_PROGRESS,2024-09-05,สิ่งแวดล้อม,พรรคประชาชาติ
"ร่างพระราชบัญญัติยกเว้นความผิดให้แก่บุคคลที่ได้รับความเสียหายหรือได้รับผลกระทบ
จากการดำเนินการตามนโยบายของรัฐด้านป่าไม้และที่ดิน พ.ศ. ....",IN_PROGRESS,2024-09-05,สิ่งแวดล้อม,พรรคประชาชาติ
ร่างพระราชบัญญัติเลื่อนใช้พระราชบัญญัติภาษีที่ดินและสิ่งปลูกสร้าง พ.ศ. 2562 พ.ศ. ....,REJECTED,2020-01-08,เศรษฐกิจ,พรรคภูมิใจไทย
พระราชบัญญัติแก้ไขเพิ่มเติมคำสั่งหัวหน้าคณะรักษาความสงบแห่งชาติ ที่ 19/2560 เรื่อง การปฏิรูปการศึกษาในภูมิภาคของกระทรวงศึกษาธิการ ลงวันที่ 3 เมษายน พุทธศักราช 2560 พ.ศ. 2565,MERGED,2021-01-28,การศึกษา,พรรคภูมิใจไทย
ร่างพระราชบัญญัติตำรวจแห่งชาติ (ฉบับที่ ..) พ.ศ. ....,REJECTED,2020-02-13,กระบวนการยุติธรรม,พรรคภูมิใจไทย
ร่างพระราชบัญญัติตำรวจแห่งชาติ (ฉบับที่ ..) พ.ศ. ....,REJECTED,2020-01-31,กระบวนการยุติธรรม,พรรคภูมิใจไทย
ร่างพระราชบัญญัติคณะกรรมการการออมเพื่อการเกษียณแห่งชาติ พ.ศ. ....,REJECTED,2020-02-05,สวัสดิการ,พรรคประชาธิปัตย์
ร่างพระราชบัญญัติระเบียบบริหารราชการกรุงเทพมหานคร (ฉบับที่ ..) พ.ศ. ....,REJECTED,2019-09-30,การเมือง,พรรคประชาธิปัตย์
ร่างพระราชบัญญัติสร้างเสริมสังคมสันติสุข พ.ศ. ....,REJECTED,2022-12-22,การเมือง,พรรคพลังธรรมใหม่
ร่างพระราชบัญญัติแก้ไขเพิ่มเติมประมวลกฎหมายอาญา (ฉบับที่ ..) พ.ศ. ....,REJECTED,2022-12-21,กระบวนการยุติธรรม,พรรคประชาธิปัตย์
ร่างพระราชบัญญัติอากาศสะอาดเพื่อประชาชน พ.ศ. ....,REJECTED,2021-12-22,สิ่งแวดล้อม,พรรคพลังประชารัฐ
ร่างพระราชบัญญัติที่ราชพัสดุ พ.ศ. ....,REJECTED,2023-02-28,เศรษฐกิจ,พรรคประชาชาติ
ร่างพระราชบัญญัติที่ราชพัสดุ พ.ศ. ....,REJECTED,2023-02-28,เศรษฐกิจ,พรรคประชาชาติ
ร่างพระราชบัญญัติพืชควบคุมเพื่อประโยชน์ทางการแพทย์ พ.ศ. ....,REJECTED,2021-01-27,สาธารณสุข,พรรคเพื่อไทย
ร่างพระราชบัญญัติยาเสพติดให้โทษ (ฉบับที่..) พ.ศ. ....,MERGED,2020-02-05,สาธารณสุข,พรรคพลังประชารัฐ
ร่างพระราชบัญญัติกองทุนสำรองเลี้ยงชีพ (ฉบับที่ ..) พ.ศ. .....,REJECTED,2020-02-05,สวัสดิการ,พรรคประชาธิปัตย์
ร่างพระราชบัญญัติแก้ไขเพิ่มเติมประมวลกฎหมายอาญา (ฉบับที่ ..) พ.ศ. ....,REJECTED,2021-11-16,กระบวนการยุติธรรม,พรรคประชาชน
ร่างพระราชบัญญัติการบริหารงานและการให้บริการภาครัฐผ่านระบบดิจิทัล (ฉบับที่ ..) พ.ศ. ....,REJECTED,2022-01-27,อื่นๆ,พรรคประชาชน
ร่างพระราชบัญญัติบัตรประจำตัวประชาชน (ฉบับที่ ..) พ.ศ. ....,REJECTED,2021-11-03,การเมือง,พรรคประชาธิปัตย์
ร่างพระราชบัญญัติการจัดสรรที่ดิน (ฉบับที่ ..) พ.ศ. ....,REJECTED,2020-08-27,เศรษฐกิจ,พรรคประชาชน
ร่างพระราชบัญญัติยกเลิกคำสั่งหัวหน้าคณะรักษาความสงบแห่งชาติ ที่ 8/2560 เรื่อง การขับเคลื่อนการปฏิรูปการบริหารงานส่วนบุคคลท้องถิ่น ลงวันที่ 21 กุมภาพันธ์ พุทธศักราช 2560 พ.ศ. ....,REJECTED,2022-07-07,การเมือง,พรรคประชาชน
พระราชบัญญัติการเลือกตั้งสมาชิกสภาท้องถิ่นหรือผู้บริหารท้องถิ่น (ฉบับที่ ..) พ.ศ. ....,ENACTED,2021-10-18,การเมือง,พรรคประชาธิปัตย์
ร่างพระราชบัญญัติสวัสดิการและสิทธิประโยชน์อย่างอื่นของสมาชิกสภาท้องถิ่น พ.ศ. ....,REJECTED,2022-06-30,สวัสดิการ,พรรคพลังท้องถิ่นไท
ร่างพระราชบัญญัติแก้ไขเพิ่มเติมคำสั่งหัวหน้าคณะรักษาความสงบแห่งชาติ ที่ 16/2560 เรื่อง การบริหารงานบุคคลของข้าราชการครูและบุคลากรทางการศึกษา ลงวันที่ 21 มีนาคม พุทธศักราช 2560 พ.ศ. ....,REJECTED,2022-06-16,การศึกษา,พรรคประชาชน
ร่างพระราชบัญญัติส่งเสริมและคุ้มครองกลุ่มชาติพันธุ์ พ.ศ. ....,REJECTED,2021-08-23,วัฒนธรรม,พรรคเพื่อไทย
"ร่างพระราชบัญญัติแก้ไขเพิ่มเติมคำสั่งหัวหน้าคณะรักษาความสงบแห่งชาติ ที่ 7/2558 เรื่อง การปฏิบัติหน้าที่ของคณะกรรมการคุรุสภา คณะกรรมการส่งเสริม
สวัสดิการและสวัสดิภาพครูและบุคลากรทางการศึกษา และคณะกรรมการบริหารองค์การค้าของสำนักงานคณะกรรมการส่งเสริมสวัสดิการและสวัสดิภาพครูและ
บุคลากรทางการศึกษา วันที่ 16 เมษายน พุทธศักราช 2558 คำสัั่งหัวหน้าคณะรักษาความสงบแห่งชาติ ที่ 17/2560 เรื่อง แก้ไขเพิ่มเติมคำสั่งหัวหน้าคณะรักษา
ความสงบแห่งชาติ ที่ 7/2558 ลงวันที่ 21 มีนาคม พุทธศักราช 2560 และ คำสั่งหัวหน้าคณะรักษาความสงบแห่งชาติสภาครูและบุคลากรทางการศึกษา
ลงวันที่ 25 กรกฎาคม พุทธศักราช 2561 พ.ศ. ....",IN_PROGRESS,2022-06-23,การศึกษา,พรรคประชาชน
ร่างพระราชปัญญัติป่าสงวนแห่งชาติ (ฉบับที่ ..) พ.ศ. ....,REJECTED,2023-02-09,สิ่งแวดล้อม,พรรคประชาชาติ
ร่างพระราชปัญญัติป่าสงวนแห่งชาติ (ฉบับที่ ..) พ.ศ. ....,REJECTED,2023-02-09,สิ่งแวดล้อม,พรรคประชาชาติ
ร่างพระราชบัญญัติวิธีการงบประมาณ (ฉบับที่ ..) พ.ศ. ....,REJECTED,2021-02-03,เศรษฐกิจ,พรรคประชาธิปัตย์
ร่างพระราชบัญญัติกองทุนการออมแห่งชาติ (ฉบับที่..) พ.ศ. ....,REJECTED,2020-01-29,สวัสดิการ,พรรคประชาธิปัตย์
ร่างพระราชบัญญัติอุปถัมภ์และส่งเสริมพระพุทธศาสนาแห่งชาติ พ.ศ. ....,REJECTED,2020-02-05,วัฒนธรรม,พรรคเสรีรวมไทย
ร่างพระราชบัญญัติปาล์มน้ำมันและผลิตภัณฑ์จากปาล์มน้ำมัน พ.ศ. ....,REJECTED,2019-08-22,เศรษฐกิจ,พรรคประชาธิปัตย์
ร่างพระราชบัญญัติระเบียบบริหารราชการกระทรวงศึกษาธิการ พ.ศ. ....,REJECTED,2021-07-19,การศึกษา,พรรคประชาชน
ร่างพระราชบัญญัติแก้ไขเพิ่มเติมประมวลกฎหมายอาญา (ฉบับที่ ..) พ.ศ. ....,MERGED,2020-12-17,กระบวนการยุติธรรม,พรรคประชาชน
ร่างพระราชบัญญัติปาล์มน้ำมันและผลิตภัณฑ์จากปาล์มน้ำมัน พ.ศ. ....,REJECTED,2022-12-27,เศรษฐกิจ,พรรคพลังประชารัฐ
ร่างพระราชบัญญัติการจัดสรรที่ดิน (ฉบับที่ ..) พ.ศ. ....,REJECTED,2022-06-21,เศรษฐกิจ,พรรคพลังท้องถิ่นไท
ร่างพระราชบัญญัติการจัดสรรที่ดิน (ฉบับที่ ..) พ.ศ. ....,REJECTED,2022-06-21,เศรษฐกิจ,พรรคพลังท้องถิ่นไท
ร่างพระราชบัญญัติลิขสิทธิ์ (ฉบับที่ ..) พ.ศ. ....,REJECTED,2022-12-22,เศรษฐกิจ,พรรคประชาธิปัตย์
ร่างพระราชบัญญัติแก้ไขเพิ่มเติมประมวลกฎหมายแพ่งและพาณิชย์ (ฉบับที่ ..) พ.ศ. ....,REJECTED,2020-12-03,กระบวนการยุติธรรม,พรรคประชาธิปัตย์
ร่างพระราชบัญญัติป้องกันการกระทำความผิดซ้ำของผู้กระทำความผิดอุกฉกรรจ์ที่ใช้ความรุนแรง พ.ศ. ....,MERGED,2021-07-14,กระบวนการยุติธรรม,พรรคพลังประชารัฐ
ร่างพระราชบัญญัติองค์กรจัดสรรคลื่นความถี่และกำกับการประกอบกิจการวิทยุกระจายเสียง วิทยุโทรทัศน์ และกิจการโทรคมนาคม (ฉบับที่ ..) พ.ศ. ....,REJECTED,2022-12-14,เศรษฐกิจ,พรรคประชาธิปัตย์
ร่างพระราชบัญญัติพืชควบคุมเพื่อประโยชน์ทางการแพทย์ พ.ศ. ....,IN_PROGRESS,2020-11-27,สาธารณสุข,พรรคเพื่อไทย
ร่างพระราชบัญญัติยกเลิกคำสั่งหัวหน้าคณะรักษาความสงบแห่งชาติ ที่ 8/2560 เรื่อง การขับเคลื่อนการปฏิรูปการบริหารงานส่วนบุคคลท้องถิ่น ลงวันที่ 21 กุมภาพันธ์ พุทธศักราช 2560 พ.ศ. ....,REJECTED,2022-06-09,การเมือง,พรรคประชาธิปัตย์
ร่างพระราชบัญญัติสภาครูและบุคลากรทางการศึกษา (ฉบับที่ ..) พ.ศ. ....,REJECTED,2021-06-18,การศึกษา,พรรคประชาชน
ร่างพระราชบัญญัติประกันชีวิต (ฉบับที่ ..) พ.ศ. ....,REJECTED,2022-11-09,เศรษฐกิจ,พรรคประชาชน
พระราชบัญญัติการเลือกตั้งสมาชิกสภาท้องถิ่นหรือผู้บริหารท้องถิ่น (ฉบับที่ ..) พ.ศ. ....,MERGED,2022-06-01,การเมือง,พรรคประชาชน
ร่างพระราชบัญญัติปาล์มน้ำมันและผลิตภัณฑ์จากปาล์มน้ำมัน พ.ศ. ....,REJECTED,2022-11-03,เศรษฐกิจ,พรรคประชาธิปัตย์
ร่างพระราชบัญญัติระเบียบข้าราชการครู พ.ศ. ....,REJECTED,2021-06-18,การศึกษา,พรรคประชาชน
ร่างพระราชบัญญัติกัญชา กัญชง พ.ศ. ....,REJECTED,2022-06-01,สาธารณสุข,พรรคประชาชน
ร่างพระราชบัญญัติระเบียบบริหาราชการนครสมุย พ.ศ. ....,REJECTED,2022-05-31,การเมือง,พรรคภูมิใจไทย
ร่างพระราชบัญญัติระเบียบบริหารราชการกระทรวงศึกษาธิการ พ.ศ. ....,REJECTED,2021-06-18,การศึกษา,พรรคประชาชน
ร่างพระราชบัญญัติแก้ไขเพิ่มเติมประมวลกฎหมายอาญา (ฉบับที่ ..) พ.ศ. .... (กำหนดความผิดฐานกระทำชำเราของพระภิกษุในพระพุทธศาสนา (เพิ่มมาตรา 206/1)),REJECTED,2022-05-31,กระบวนการยุติธรรม,พรรคภูมิใจไทย
ร่างพระราชบัญญัติส่งเสริมและรักษาคุณภาพสิ่งแวดล้อมแห่งชาติ (ฉบับที่ ..) พ.ศ. ....,REJECTED,2022-01-26,สิ่งแวดล้อม,พรรคประชาชน
ร่างพระราชบัญญัติการเข้าชื่อเสนอข้อบัญญัติท้องถิ่น พ.ศ. ....,MERGED,2021-01-27,การเมือง,พรรคประชาธิปัตย์
ร่างพระราชบัญญัติคณะกรรมการการออมเพื่อการเกษียณแห่งชาติ พ.ศ. ....,IN_PROGRESS,2020-01-29,สวัสดิการ,พรรคประชาธิปัตย์
ร่างพระราชบัญญัติปาล์มน้ำมันและผลิตภัณฑ์จากปาล์มน้ำมัน พ.ศ. ....,REJECTED,2019-09-13,เศรษฐกิจ,พรรคประชาธิปัตย์
ร่างพระราชบัญญัติกำหนดแผนและขั้นตอนการกระจายอำนาจให้แก่องค์กรปกครองส่วนท้องถิ่น (ฉบับที่ ..) พ.ศ. ....,REJECTED,2022-05-30,การเมือง,พรรคพลังท้องถิ่นไท
ร่างพระราชบัญญัติกำหนดแผนและขั้นตอนการกระจายอำนาจให้แก่องค์กรปกครองส่วนท้องถิ่น (ฉบับที่ ..) พ.ศ. ....,REJECTED,2022-05-30,การเมือง,พรรคพลังท้องถิ่นไท
ร่างพระราชบัญญัติข้อมูลข่าวสารสาธารณะ พ.ศ. ....,REJECTED,2020-09-18,การเมือง,พรรคประชาชน
ร่างพระราชบัญญัติกัญชา กัญชง พ.ศ. ....,REJECTED,2022-05-27,สาธารณสุข,พรรคประชาชน
ร่างพระราชบัญญัติการพนัน (ฉบับที่ ..) พ.ศ. ....,REJECTED,2022-05-18,เศรษฐกิจ,พรรคพลังท้องถิ่นไท
ร่างพระราชบัญญัติการพนัน (ฉบับที่ ..) พ.ศ. ....,REJECTED,2022-05-18,เศรษฐกิจ,พรรครวมไทยสร้างชาติ
ร่างพระราชบัญญัติการพนัน (ฉบับที่ ..) พ.ศ. ....,REJECTED,2022-05-18,เศรษฐกิจ,พรรคพลังท้องถิ่นไท
ร่างพระราชบัญญัติการรายงานการปล่อยและการเคลื่อนย้ายสารมลพิษสู่สิ่งแวดล้อม พ.ศ. ....,REJECTED,2020-12-16,สิ่งแวดล้อม,พรรคประชาชน
ร่างพระราชบัญญัติสภาวิสาหกิจขนาดกลาง ขนาดย่อม และขนาดย่อยไทย พ.ศ. ....,REJECTED,2019-09-17,เศรษฐกิจ,พรรคเพื่อไทย
ร่างพระราชบัญัติจราจรทางบก (ฉบับที่ .) พ.ศ. ....,REJECTED,2022-02-25,กระบวนการยุติธรรม,พรรคประชาธิปัตย์
ร่างพระราชบัญญัติเขตพัฒนาพื้นที่ีระเบียงเศรษฐกิจภาคใต้ พ.ศ. ....,IN_PROGRESS,2020-11-26,เศรษฐกิจ,พรรคพลังท้องถิ่นไท
ร่างพระราชบัญญัติธนาคารพุทธแห่งประเทศไทย พ.ศ. ....,REJECTED,2022-08-31,เศรษฐกิจ,พรรคเสรีรวมไทย
ร่างพระราชบัญญัติลักษณะปกครองท้องที่ (ฉบับที่ ..) พ.ศ. ....,REJECTED,2022-02-03,การเมือง,พรรคครูไทยเพื่อประชาชน
ร่างพระราชบัญญัติลักษณะปกครองท้องที่ (ฉบับที่ ..) พ.ศ. ....,REJECTED,2022-02-03,การเมือง,พรรคกล้าธรรม
ร่างพระราชบัญญัติลักษณะปกครองท้องที่ (ฉบับที่ ..) พ.ศ. ....,REJECTED,2022-02-03,การเมือง,พรรคครูไทยเพื่อประชาชน
ร่างพระราชบัญญัติยกเลิกพระราชบัญญัติว่าด้วยความผิดอันเกิดจากการใช้เช็ค พ.ศ. 2534 พ.ศ. ....,REJECTED,2023-02-07,กระบวนการยุติธรรม,พรรคประชาธิปัตย์
ร่างพระราชบัญญัติสวัสดิการรักษาพยาบาล การศึกษา และสวัสดิการประชาชน พ.ศ. ....,REJECTED,2022-01-21,สวัสดิการ,พรรคภูมิใจไทย
พระราชบัญญัติกองทุนเงินให้กู้ยืมเพื่อการศึกษา (ฉบับที่ ..) พ.ศ. ....,MERGED,2022-01-18,การศึกษา,พรรคประชาธิปัตย์
ร่างพระราชบัญญัติวิชาชีพการสัตวบาล พ.ศ. ....,IN_PROGRESS,2021-01-27,อื่นๆ,พรรคประชาธิปัตย์
ร่างพระราชบัญญัติการเข้าชื่อเพื่อถอดถอนสมาชิกสภาท้องถิ่นหรือผู้บริหารท้องถิ่น พ.ศ. ....,MERGED,2021-01-27,การเมือง,พรรคประชาธิปัตย์
ร่างพระราชบัญญัติกองทุนสำรองเลี้ยงชีพ (ฉบับที่..)  พ.ศ. ....,IN_PROGRESS,2020-01-29,สวัสดิการ,พรรคประชาธิปัตย์
ร่างพระราชบัญญัติป้องกันและต่อต้านการรัฐประหาร พ.ศ. ....,IN_PROGRESS,2020-01-29,การเมือง,พรรคเพื่อไทย
พระราชบัญญัติอ้อยและน้ำตาลทราย (ฉบับที่ ..) พ.ศ. ....,MERGED,2020-10-08,เศรษฐกิจ,พรรคประชาธิปไตยใหม่
พระราชบัญญัติอ้อยและน้ำตาลทราย (ฉบับที่ ..) พ.ศ. ....,MERGED,2020-10-08,เศรษฐกิจ,พรรคประชาธิปไตยใหม่
ร่างพระราชบัญญัติว่าด้วยการเวนคืนและการได้มาซึ่งอสังหาริมทรัพย์ (ฉบับที่ ..) พ.ศ. ....,REJECTED,2022-08-04,เศรษฐกิจ,พรรคประชาชน
พระราชบัญญัติการเลือกตั้งสมาชิกสภาท้องถิ่นหรือผู้บริหารท้องถิ่น (ฉบับที่ ..) พ.ศ. ....,MERGED,2022-02-09,การเมือง,พรรคเพื่อไทย
ร่างพระราชบัญญัติแก้ไขเพิ่มเติมประมวลรัษฎากร (ฉบับที่ ..) พ.ศ. ....,REJECTED,2022-06-29,เศรษฐกิจ,พรรคประชาธิปัตย์
ร่างพระราชบัญญัติยาเสพติดให้โทษ (ฉบับที่ ..) พ.ศ. ....,MERGED,2020-08-19,กระบวนการยุติธรรม,พรรคประชาธิปัตย์
ร่างพระราชบัญญัติระเบียบข้าราชการสาธารณสุขและบุคลากรสาธารณสุข พ.ศ. ....,REJECTED,2020-08-20,สาธารณสุข,พรรคประชาธิปัตย์
ร่างพระราชบัญญัติหลักทรัพย์และตลาดหลักทรัพย์ (ฉบับที่ ..) พ.ศ. ....,REJECTED,2022-06-15,เศรษฐกิจ,พรรคประชาธิปัตย์
ร่างพระราชบัญญัติหลักทรัพย์และตลาดหลักทรัพย์ (ฉบับที่ ..) พ.ศ. ....,REJECTED,2022-06-15,เศรษฐกิจ,พรรคประชาธิปัตย์
ร่างพระราชบัญญัติการศึกษาแห่งชาติ พ.ศ. ....,REJECTED,2021-06-10,การศึกษา,พรรคประชาธิปัตย์
ร่างพระราชบัญญัติการบริหารหนี้สาธารณะ (ฉบับที่ ..) พ.ศ. ....,REJECTED,2022-06-15,เศรษฐกิจ,พรรคประชาธิปัตย์
ร่างพระราชบัญญัติแก้ไขเพิ่มเติมพระราชกำหนดการประมง พ.ศ. 2558 พ.ศ. ....,MERGED,2021-12-17,สิ่งแวดล้อม,พรรคภูมิใจไทย
ร่างพระราชบัญญัติเขตพัฒนาเศรษฐกิจพิเศษขวานทองคลองไทยภาคใต้ พ.ศ. ....,IN_PROGRESS,2020-08-27,เศรษฐกิจ,พรรคเพื่อไทย
ร่างพระราชบัญญัติอุทยานแห่งชาติ (ฉบับที่ ..) พ.ศ. ....,REJECTED,2022-06-08,สิ่งแวดล้อม,พรรคประชาชาติ
ร่างพระราชบัญญัติอุทยานแห่งชาติ (ฉบับที่ ..) พ.ศ. ....,REJECTED,2022-06-08,สิ่งแวดล้อม,พรรคประชาชาติ
ร่างพระราชบัญญัติการศึกษาแห่งชาติ พ.ศ. ....,REJECTED,2021-06-02,การศึกษา,พรรคครูไทยเพื่อประชาชน
ร่างพระราชบัญญัติการศึกษาแห่งชาติ พ.ศ. ....,REJECTED,2021-06-02,การศึกษา,พรรคกล้าธรรม
ร่างพระราชบัญญัติการศึกษาแห่งชาติ พ.ศ. ....,REJECTED,2021-06-02,การศึกษา,พรรคครูไทยเพื่อประชาชน
ร่างพระราชบัญญัติคุ้มครองแรงงาน (ฉบับที่ ..) พ.ศ. ....,IN_PROGRESS,2025-10-30,แรงงาน,พรรคประชาชน
"ร่างพระราชบัญญัติยกเลิกคำสั่งหัวหน้าคณะรักษาความสงบแห่งชาติ ที่ 7/2558 เรื่อง การปฏิบัติหน้าที่ของคณะกรรมการคุรุสภา คณะกรรมการส่งเสริม
สวัสดิการและสวัสดิภาพครูและบุคลากรทางการศึกษา และคณะกรรมการบริหารองค์การค้าของสำนักงานคณะกรรมการส่งเสริมสวัสดิการและสวัสดิภาพครู
และบุคลากรทางการศึกษา ลงวันที่ 16 เมษายน พุทธศักราช 2558 และคำสั่งหัวหน้าคณะรักษาความสงบแห่งชาติ ที่ 17/2560 เรื่อง แก้ไขเพิ่มเติม
คำสั่งหัวหน้าคณะรักษาความสงบแห่งชาติ ที่ 7/2558 ลงวันที่ 21 มีนาคม พุทธศักราช 2560  พ.ศ. ....",MERGED,2024-10-16,การศึกษา,พรรคชาติไทยพัฒนา
ร่างพระราชบัญญัติยกเลิกคำสั่งหัวคณะรักษาความสงบแห่งชาติ ที่ 16/2560 เรื่อง การบริหารงานบุคคลของข้าราชการครูและบุคลากรทางการศึกษา ลงวันที่ 21 มีนาคม พุทธศักราช 2560 พ.ศ. ....,MERGED,2024-10-16,การศึกษา,พรรคชาติไทยพัฒนา
ร่างพระราชบัญญัติยกเลิกคำสั่งหัวหน้าคณะรักษาความสงบแห่งชาติ ที่ 11/2561 เรื่อง การแก้ไของค์ประกอบของคณะกรรมการมาตรฐานวิชาชีพ ตามกฎหมายว่าด้วยสภาครูและบุคลากรทางการศึกษา ลงวันที่ 25 กรกฎาคม พุทธศักราช 2561 พ.ศ. ....,MERGED,2024-10-16,การศึกษา,พรรคชาติไทยพัฒนา
ร่างพระราชบัญญัติป้องกันและแก้ไขภัยพิบัติแห่งชาติ พ.ศ. ....,IN_PROGRESS,2025-10-30,สิ่งแวดล้อม,พรรคเพื่อไทย
"ร่างพระราชบัญญัติแก้ไขเพิ่มเติมประมวลกฎหมายวิธีพิจารณาความอาญา (ฉบับที่ ..) พ.ศ. ....
(แก้ไขเพิ่มเติมมาตรา 129 เกี่ยวกับการตั้งสำนวนคดีอาญา การสอบสวน และการชันสูตรพลิกศพในกรณีที่มีความตายเกิดขึ้นโดยการกระทำของเจ้าพนักงาน  )",IN_PROGRESS,2025-10-22,กระบวนการยุติธรรม,พรรคประชาชาติ
ร่างพระราชบัญญัติว่าด้วยค่าบริการพิเศษ พ.ศ. ....,IN_PROGRESS,2024-08-22,อื่นๆ,พรรคภูมิใจไทย
ร่างพระราชบัญญัติผู้สูงอายุ (ฉบับที่ ..) พ.ศ. ....,REJECTED,2024-01-29,สวัสดิการ,พรรคประชาชน
ร่างพระราชบัญญัติแก้ไขเพิ่มเติมพระราชกำหนดการประมง พ.ศ. 2558 พ.ศ. ....,MERGED,2024-02-06,สิ่งแวดล้อม,พรรครวมไทยสร้างชาติ
ร่างพระราชบัญญัติยกเลิกคำสั่งหัวหน้าคณะรักษาความสงบแห่งชาติ ที่ 8/2560 เรื่อง การขับเคลื่อนการปฏิรูปการบริหารงานส่วนบุคคลท้องถิ่น ลงวันที่ 21 กุมภาพันธ์ พุทธศักราช 2560 พ.ศ. ....,MERGED,2024-01-18,การเมือง,พรรคประชาชน
ร่างพระราชบัญญัติสภาผู้แทนนิสิตนักศึกษาแห่งประเทศไทย พ.ศ. ....,REJECTED,2023-07-14,การศึกษา,พรรคเพื่อไทย
ร่างพระราชบัญญัติระเบียบข้าราชการรัฐสภา (ฉบับที่ ..) พ.ศ. ....,IN_PROGRESS,2025-10-17,การเมือง,พรรคประชาชน
ร่างพระราชบัญญัติว่าด้วยการยกเว้นการดำรงตำแหน่งหรือการประกอบอาชีพของบุคคลล้มละลาย พ.ศ. ....,IN_PROGRESS,2025-10-15,เศรษฐกิจ,พรรคประชาชน
ร่างพระราชบัญญัติขจัดการเลือกปฏิบัติต่อบุคคล พ.ศ. ....,REJECTED,2024-09-25,อื่นๆ,พรรคเพื่อไทย
ร่างพระราชบัญญัติภาษีส่งเสริมการปกครองส่วนท้องถิ่น พ.ศ. ....,IN_PROGRESS,2025-02-28,เศรษฐกิจ,พรรคภูมิใจไทย
ร่างพระราชบัญญัติภาษีส่งเสริมการปกครองส่วนท้องถิ่น พ.ศ. ....,IN_PROGRESS,2025-02-28,เศรษฐกิจ,พรรคภูมิใจไทย
ร่างพระราชบัญญัติแก้ไขเพิ่มเติมพระราชกำหนดการประมง พ.ศ 2558 พ.ศ. ....,MERGED,2024-01-31,สิ่งแวดล้อม,พรรคประชาชาติ
ร่างพระราชบัญญัติแก้ไขเพิ่มเติมพระราชกำหนดการประมง พ.ศ 2558 พ.ศ. ....,MERGED,2024-01-31,สิ่งแวดล้อม,พรรคประชาชาติ
ร่างพระราชบัญญัติส่งเสริมและคุ้มครองแรงงานอิสระ พ.ศ. ....,IN_PROGRESS,2025-09-17,แรงงาน,พรรคเศรษฐกิจ
ร่างพระราชบัญญัติส่งเสริมและคุ้มครองแรงงานอิสระ พ.ศ. ....,IN_PROGRESS,2025-09-17,แรงงาน,พรรคกล้าธรรม
ร่างพระราชบัญญัติส่งเสริมและคุ้มครองแรงงานอิสระ พ.ศ. ....,IN_PROGRESS,2025-09-17,แรงงาน,พรรคพลังประชารัฐ
ร่างพระราชบัญญัติส่งเสริมและคุ้มครองแรงงานอิสระ พ.ศ. ....,IN_PROGRESS,2025-09-17,แรงงาน,พรรคพลังประชารัฐ
ร่างพระราชบัญญัติระเบียบบริหารราชการฝ่ายรัฐสภา (ฉบับที่ ..) พ.ศ. ....,REJECTED,2024-09-11,การเมือง,พรรคเพื่อไทย
ร่างพระราชบัญญัติขจัดการเลือกปฏิบัติต่อบุคคล พ.ศ. ....,REJECTED,2024-09-05,อื่นๆ,พรรคประชาชาติ
ร่างพระราชบัญญัติสภาตำบลและองค์การบริหารส่วนตำบล (ฉบับที่ ..) พ.ศ. ....,IN_PROGRESS,2025-09-11,การเมือง,พรรคประชาชน
ร่างพระราชบัญญัติระเบียบข้าราชการครูและบุคลากรทางการศึกษา (ฉบับที่ ..) พ.ศ. ....,IN_PROGRESS,2024-08-14,การศึกษา,พรรคภูมิใจไทย
ร่างพระราชบัญญัติเทศบาล (ฉบับที่ ..) พ.ศ. ....,IN_PROGRESS,2025-09-11,การเมือง,พรรคประชาชน
"ร่างพระราชบัญญัติยกเลิกคำสั่งหัวหน้าคณะรักษาความสงบแห่งชาติ ที่ 16/2560 
เรื่อง การบริหารงานบุคคลของข้าราชการครูและบุคลากรทางการศึกษา ลงวันที่ 21 มีนาคม พุทธศักราช 2560 พ.ศ. ....",MERGED,2024-08-14,การศึกษา,พรรคเพื่อไทย
ร่างพระราชบัญญัติองค์การบริหารส่วนจังหวัด (ฉบับที่ ..) พ.ศ. ....,IN_PROGRESS,2025-09-11,การเมือง,พรรคประชาชน
ร่างพระราชบัญญัติยกเลิกคำสั่งหัวหน้าคณะรักษาความสงบแห่งชาติ ที่ 11/2561 เรื่อง การแก้ไของค์ประกอบของคณะกรรมการมาตรฐานวิชาชีพตามกฎหมายว่าด้วยสภาครูและบุคลากรทางการศึกษา ลงวันที่ 25 กรกฎาคม พุทธศักราช 2561 พ.ศ. ....,MERGED,2024-08-14,การศึกษา,พรรคเพื่อไทย
"ร่างพระราชบัญญัติยกเลิกคำสั่งหัวหน้าคณะรักษาความสงบแห่งชาติ ที่ 7/2558 เรื่อง 
การปฏิบัติหน้าที่ของคณะกรรมการคุรุสภา คณะกรรมการส่งเสริมสวัสดิการและสวัสดิภาพครู
และบุคลากรทางการศึกษา และคณะกรรมการบริหารองค์การค้าของสำนักงานคณะกรรมการ
ส่งเสริมสวัสดิการและสวัสดิภาพครูและบุคลากรทางการศึกษา ลงวันที่ 16 เมษายน พุทธศักราช
 2558 และคำสั่งหัวหน้าคณะรักษาความสงบแห่งชาติ ที่ 17/2560 เรื่อง แก้ไขเพิ่มเติม
คำสั่งหัวหน้าคณะรักษาความสงบแห่งชาติ ที่ 7/2558 ลงวันที่ 21 มีนาคม 2560 
พ.ศ. ....",MERGED,2024-08-14,การศึกษา,พรรคเพื่อไทย
ร่างพระราชบัญญัติเทศบาล (ฉบับที่ ..) พ.ศ. ....,MERGED,2025-01-29,การเมือง,พรรคภูมิใจไทย
ร่างพระราชบัญญัติเทศบาล (ฉบับที่ ..) พ.ศ. ....,MERGED,2025-01-29,การเมือง,พรรคภูมิใจไทย
ร่างพระราชบัญญัติการบริหารจัดการขยะและการหมุนเวียนทรัพยากร พ.ศ. ....,REJECTED,2024-01-31,สิ่งแวดล้อม,พรรคประชาชน
ร่างพระราชบัญญัติส่งเสริมการพัฒนาเด็กและเยาวชนแห่งชาติ (ฉบับที่ ..) พ.ศ. ....,IN_PROGRESS,2024-01-24,สวัสดิการ,พรรคประชาธิปัตย์
ร่างพระราชบัญญัติส่งเสริมการพัฒนาเด็กและเยาวชนแห่งชาติ (ฉบับที่ ..) พ.ศ. ....,IN_PROGRESS,2024-01-24,สวัสดิการ,พรรครวมไทยสร้างชาติ
ร่างพระราชบัญญัติส่งเสริมการพัฒนาเด็กและเยาวชนแห่งชาติ (ฉบับที่ ..) พ.ศ. ....,IN_PROGRESS,2024-01-24,สวัสดิการ,พรรคประชาธิปัตย์
ร่างพระราชบัญญัติยกเลิกประกาศคณะรักษาความสงบแห่งชาติ ฉบับที่ 115/2557 เรื่อง แก้ไขเพิ่มเติมประมวลกฎหมายวิธีพิจารณาความอาญา ลงวันที่ 21 กรกฎาคม พุทธศักราช 2557 พ.ศ. ....,IN_PROGRESS,2024-08-14,กระบวนการยุติธรรม,พรรครวมไทยสร้างชาติ
ร่างพระราชบัญญัติสภาครูและบุคลากรทางการศึกษา (ฉบับที่ ..) พ.ศ. ....,IN_PROGRESS,2024-08-13,การศึกษา,พรรคภูมิใจไทย
ร่างพระราชบัญญัติการเลือกตั้งสมาชิกสภาท้องถิ่นหรือผู้บริหารท้องถิ่น (ฉบับที่ ..) พ.ศ. ....,IN_PROGRESS,2025-09-09,การเมือง,พรรคประชาชน
ร่างพระราชบัญญัติการเลือกตั้งสมาชิกสภาท้องถิ่นหรือผู้บริหารท้องถิ่น (ฉบับที่ ..) พ.ศ. ....,IN_PROGRESS,2025-09-10,การเมือง,พรรคประชาชน
ร่างพระราชบัญญัติการเลือกตั้งสมาชิกสภาท้องถิ่นหรือผู้บริหารท้องถิ่น (ฉบับที่ ..) พ.ศ. ....,IN_PROGRESS,2025-09-10,การเมือง,พรรคประชาชน
ร่างพระราชบัญญัติป้องกันและปราบปรามการกระทำความผิดร้ายแรงต่อสันติภาพและมนุษยชาติ พ.ศ. ....,REJECTED,2024-07-31,กระบวนการยุติธรรม,พรรคประชาชน
ร่างพระราชบัญญัติวิธีพิจารณาคดีทุจริตและประพฤติมิชอบ (ฉบับที่ ..) พ.ศ. ....,IN_PROGRESS,2025-07-31,กระบวนการยุติธรรม,พรรคประชาชน
ร่างพระราชบัญญัติระเบียบบริหารราชการกรุงเทพมหานคร (ฉบับที่ ..) พ.ศ. ....,IN_PROGRESS,2025-09-09,การเมือง,พรรคประชาชน
ร่างพระราชบัญญัติวิธีพิจารณาคดีทุจริตและประพฤติมิชอบ (ฉบับที่ ..) พ.ศ. ....,IN_PROGRESS,2024-07-31,กระบวนการยุติธรรม,พรรคประชาชน
ร่างพระราชบัญญัติธรรมนูญศาลทหาร (ฉบับที่่ ..) พ.ศ. ....,MERGED,2024-07-31,กระบวนการยุติธรรม,พรรคประชาชน
ร่างพระราชบัญญัติแก้ไขเพิ่มเติมประมวลกฎหมายอาญา (ฉบับที่ ..) พ.ศ. ....,REJECTED,2024-07-31,กระบวนการยุติธรรม,พรรคประชาชน
ร่างพระราชบัญญัติสภาตำบลและองค์การบริหารส่วนตำบล (ฉบับที่ ..) พ.ศ. ....,MERGED,2025-01-29,การเมือง,พรรคภูมิใจไทย
ร่างพระราชบัญญัติสภาตำบลและองค์การบริหารส่วนตำบล (ฉบับที่ ..) พ.ศ. ....,MERGED,2025-01-29,การเมือง,พรรคภูมิใจไทย
ร่างพระราชบัญญัติโรงงาน (ฉบับที่ ..) พ.ศ. ....,MERGED,2025-02-12,เศรษฐกิจ,พรรคเพื่อไทย
ร่างพระราชบัญญัติการร่วมลงทุนระหว่างรัฐและเอกชน (ฉบับที่ ..) พ.ศ. ....,IN_PROGRESS,2024-01-24,เศรษฐกิจ,พรรคประชาธิปัตย์
ร่างพระราชบัญญัติการร่วมลงทุนระหว่างรัฐและเอกชน (ฉบับที่ ..) พ.ศ. ....,IN_PROGRESS,2024-01-24,เศรษฐกิจ,พรรครวมไทยสร้างชาติ
ร่างพระราชบัญญัติการร่วมลงทุนระหว่างรัฐและเอกชน (ฉบับที่ ..) พ.ศ. ....,IN_PROGRESS,2024-01-24,เศรษฐกิจ,พรรคประชาธิปัตย์
ร่างพระราชบัญญัติแก้ไขเพิ่มเติมประมวลกฎหมายอาญา (ฉบับที่ ..) พ.ศ. ....,IN_PROGRESS,2024-01-24,กระบวนการยุติธรรม,พรรคประชาธิปัตย์
ร่างพระราชบัญญัติแก้ไขเพิ่มเติมประมวลกฎหมายอาญา (ฉบับที่ ..) พ.ศ. ....,IN_PROGRESS,2024-01-24,กระบวนการยุติธรรม,พรรครวมไทยสร้างชาติ
ร่างพระราชบัญญัติแก้ไขเพิ่มเติมประมวลกฎหมายอาญา (ฉบับที่ ..) พ.ศ. ....,IN_PROGRESS,2024-01-24,กระบวนการยุติธรรม,พรรคประชาธิปัตย์
ร่างพระราชบัญญัติการฌาปนกิจสงเคราะห์ พ.ศ. ....,IN_PROGRESS,2024-07-25,สวัสดิการ,พรรคเพื่อไทย
ร่างพระราชบัญญัติกิจการฮัจย์ พ.ศ. ....,IN_PROGRESS,2023-12-21,วัฒนธรรม,พรรคประชาชาติ
ร่างพระราชบัญญัติส่งเสริมไฟฟ้าพลังงานเเสงอาทิตย์ พ.ศ. ....,IN_PROGRESS,2024-12-25,สิ่งแวดล้อม,พรรครวมไทยสร้างชาติ
ร่างพระราชบัญญัติการใช้กฎหมายอิสลามว่าด้วยครอบครัวและมรดก พ.ศ. ....,REJECTED,2023-12-21,วัฒนธรรม,พรรคประชาชาติ
ร่างพระราชบัญญัติองค์กรจัดสรรคลื่นความถี่และกำกับการประกอบกิจการวิทยุกระจายเสียง วิทยุโทรทัศน์ และกิจการโทรคมนาคม (ฉบับที่ ..) พ.ศ. ....,REJECTED,2024-12-25,เศรษฐกิจ,พรรคประชาชน
ร่างพระราชบัญญัติสร้างเสริมสังคมสันติสุข พ.ศ. ....,MERGED,2023-12-20,การเมือง,พรรคครูไทยเพื่อประชาชน
ร่างพระราชบัญญัติสร้างเสริมสังคมสันติสุข พ.ศ. ....,MERGED,2023-12-20,การเมือง,พรรคกล้าธรรม
ร่างพระราชบัญญัติสร้างเสริมสังคมสันติสุข พ.ศ. ....,MERGED,2023-12-20,การเมือง,พรรคครูไทยเพื่อประชาชน
พระราชบัญญัติแก้ไขเพิ่มเติมประมวลกฎหมายแพ่งและพาณิชย์ (ฉบับที่ 24) พ.ศ. 2567,MERGED,2023-12-19,กระบวนการยุติธรรม,พรรคประชาธิปัตย์
ร่างพระราชบัญญัติแก้ไขเพิ่มเติมประมวลกฎหมายอาญา (ฉบับที่ ..) พ.ศ. ....,IN_PROGRESS,2024-07-23,กระบวนการยุติธรรม,พรรคประชาชน
ร่างพระราชบัญญัติบริหารจัดการภาวะโลกร้อนและการเปลี่ยนแปลงสภาพภูมิอากาศ พ.ศ. ....,IN_PROGRESS,2024-12-19,สิ่งแวดล้อม,พรรคประชาธิปัตย์
พระราชบัญญัติอำนาจเรียกของคณะกรรมาธิการของสภาผู้แทนราษฎรและวุฒิสภา พ.ศ. ....,MERGED,2024-07-19,การเมือง,พรรคประชาชน
ร่างพระราชบัญญัติสงวนและคุ้มครองสัตว์ป่า (ฉบับที่ ..) พ.ศ. ....,IN_PROGRESS,2024-11-14,สิ่งแวดล้อม,พรรคประชาชน
ร่างพระราชบัญญัติป้องกันการดำเนินคดีเพื่อปิดกั้นการมีส่วนร่วมเพื่อประโยชน์สาธารณะ พ.ศ. ...,REJECTED,2025-09-10,กระบวนการยุติธรรม,พรรคประชาชน
ร่างพระราชบัญญัติกำหนดแผนและขั้นตอนการกระจายอำนาจให้แก่องค์กรปกครองส่วนท้องถิ่น (ฉบับที่ ..) พ.ศ. ....,IN_PROGRESS,2025-09-10,การเมือง,พรรคประชาชน
ร่างพระราชบัญญัติระเบียบบริหารราชการฝ่ายรัฐสภา (ฉบับที่ ..) พ.ศ. ....,REJECTED,2024-07-18,การเมือง,พรรคภูมิใจไทย
ร่างพระราชบัญญัติป่าสงวนแห่งชาติ (ฉบับที่ ..) พ.ศ. ....,IN_PROGRESS,2024-11-14,สิ่งแวดล้อม,พรรคประชาชน
พระราชบัญญัติยกเลิกคำสั่งหัวหน้าคณะรักษาความสงบแห่งชาติ ที่ 14/2559 เรื่อง คณะกรรมการที่ปรึกษาการบริหารและการพัฒนาจังหวัดชายแดนภาคใต้ และการกำหนดอำนาจหน้าที่ของกองอำนวยการรักษาความมั่นคงภายในราชอาณาจักร ลงวันที่ 4 เมษายน พุทธศักราช 2559 พ.ศ. ....,ENACTED,2023-12-13,การเมือง,พรรคเพื่อไทย
ร่างพระราชบัญญัติระเบียบบริหารงานบุคคลส่วนท้องถิ่น (ฉบับที่ ..) พ.ศ. ....,MERGED,2025-09-04,การเมือง,พรรคภูมิใจไทย
ร่างพระราชบัญญัติอุทยานแห่งชาติ (ฉบับที่ ..) พ.ศ. ....,IN_PROGRESS,2024-11-14,สิ่งแวดล้อม,พรรคประชาชน
ร่างพระราชบัญญัติแก้ไขเพิ่มเติมประมวลกฎหมายวิธีพิจารณาความอาญา (ฉบับที่ ..) พ.ศ. ....,IN_PROGRESS,2024-07-18,กระบวนการยุติธรรม,พรรคภูมิใจไทย
ร่างพระราชบัญญัติอาสาสมัครสาธารณสุขประจำหมู่บ้าน พ.ศ. ....,MERGED,2025-09-03,สาธารณสุข,พรรคพลังประชารัฐ
ร่างพระราชบัญญัติอาสาสมัครสาธารณสุขประจำหมู่บ้าน พ.ศ. ....,MERGED,2025-09-03,สาธารณสุข,พรรคกล้าธรรม
ร่างพระราชบัญญัติขจัดการเลือกปฏิบัติต่อบุคคล พ.ศ. ....,REJECTED,2024-07-17,อื่นๆ,พรรคเป็นธรรม
ร่างพระราชบัญญัติระเบียบข้าราชการครูและบุคลากรทางการศึกษา (ฉบับที่ ..) พ.ศ ....,MERGED,2025-09-03,การศึกษา,พรรคครูไทยเพื่อประชาชน
ร่างพระราชบัญญัติระเบียบข้าราชการครูและบุคลากรทางการศึกษา (ฉบับที่ ..) พ.ศ ....,MERGED,2025-09-03,การศึกษา,พรรคกล้าธรรม
ร่างพระราชบัญญัติระเบียบข้าราชการครูและบุคลากรทางการศึกษา (ฉบับที่ ..) พ.ศ ....,MERGED,2025-09-03,การศึกษา,พรรคครูไทยเพื่อประชาชน
ร่างพระราชบัญญัติการกระทำความผิดเกี่ยวกับซิมการ์ด พ.ศ. ....,IN_PROGRESS,2024-10-24,กระบวนการยุติธรรม,พรรคภูมิใจไทย
กัญชา กัญชง พ.ศ. ....,IN_PROGRESS,2024-06-20,สาธารณสุข,พรรคประชาชาติ
กัญชา กัญชง พ.ศ. ....,IN_PROGRESS,2024-06-20,สาธารณสุข,พรรคประชาชาติ
ร่างพระราชบัญญัติการจัดสรรที่ดิน (ฉบับที่ ..) พ.ศ. ....,MERGED,2023-11-23,เศรษฐกิจ,พรรคเพื่อไทย
ร่างพระราชบัญญัติองค์การบริหารส่วนจังหวัด (ฉบับที่ ..) พ.ศ. ....,MERGED,2025-01-29,การเมือง,พรรคภูมิใจไทย
ร่างพระราชบัญญัติองค์การบริหารส่วนจังหวัด (ฉบับที่ ..) พ.ศ. ....,MERGED,2025-01-29,การเมือง,พรรคภูมิใจไทย
ร่างพระราชบัญญัติป้องกันและปราบปรามการกระทำความผิดในลักษณะแชร์ลูกโซ่ พ.ศ. ....,REJECTED,2024-01-11,กระบวนการยุติธรรม,พรรคภูมิใจไทย
ร่างพระราชบัญญัติสภาครูและบุคลากรทางการศึกษา (ฉบับที่ ..) พ.ศ. ....,MERGED,2025-09-03,การศึกษา,พรรคครูไทยเพื่อประชาชน
ร่างพระราชบัญญัติสภาครูและบุคลากรทางการศึกษา (ฉบับที่ ..) พ.ศ. ....,MERGED,2025-09-03,การศึกษา,พรรคกล้าธรรม
ร่างพระราชบัญญัติสภาครูและบุคลากรทางการศึกษา (ฉบับที่ ..) พ.ศ. ....,MERGED,2025-09-03,การศึกษา,พรรคครูไทยเพื่อประชาชน
ร่างพระราชบัญญัติการปฏิรูปที่ดินและคุ้มครองพื้นที่เกษตรกรรม พ.ศ. ....,IN_PROGRESS,2024-10-24,เศรษฐกิจ,พรรคใหม่
ร่างพระราชบัญญัติการปฏิรูปที่ดินและคุ้มครองพื้นที่เกษตรกรรม พ.ศ. ....,IN_PROGRESS,2024-10-24,เศรษฐกิจ,พรรคกล้าธรรม
"ร่างพระราชบัญญัติยกเลิกคำสั่งหัวหน้าคณะรักษาความสงบแห่งชาติ ที่ 4/2559 
 เรื่อง การยกเว้นการใช้บังคับกฎกระทรวงให้ใช้บังคับผังเมืองรวมสำหรับการประกอบกิจการ
 บางประเภท ลงวันที่ 20 มกราคม พุทธศักราช 2559 พ.ศ. ....",MERGED,2024-06-14,การเมือง,พรรคประชาชน
ร่างพระราชบัญญัติแก้ไขเพิ่มเติมประมวลกฎหมายวิธีพิจารณาความอาญา (ฉบับที่ ..) พ.ศ. ....,IN_PROGRESS,2023-11-06,กระบวนการยุติธรรม,พรรคประชาชน
ร่างพระราชบัญญัติระเบียงเขตเศรษฐกิจพิเศษภาคใต้ พ.ศ. ....,IN_PROGRESS,2024-10-24,เศรษฐกิจ,พรรครวมไทยสร้างชาติ
ร่างพระราชบัญญัติการประปาแห่งชาติ พ.ศ. ....,IN_PROGRESS,2023-10-26,เศรษฐกิจ,พรรคประชาชน
ร่างพระราชบัญญัติแก้ไขเพิ่มเติมประมวลรัษฎากร (ฉบับที่ ..) พ.ศ. ....,IN_PROGRESS,2024-10-17,เศรษฐกิจ,พรรคประชาชน
พระราชบัญญัติว่าด้วยการออกเสียงประชามติ (ฉบับที่ ..) พ.ศ. ....,MERGED,2024-05-28,การเมือง,พรรคภูมิใจไทย
พระราชบัญญัติว่าด้วยการออกเสียงประชามติ (ฉบับที่ ..) พ.ศ. ....,MERGED,2024-05-28,การเมือง,พรรคภูมิใจไทย
ร่างพระราชบัญญัติกองทุนสงเคราะห์เกษตรกร (ฉบับที่ ..) พ.ศ. ....,IN_PROGRESS,2024-10-16,สวัสดิการ,พรรคไทยสร้างไทย
"ร่างพระราชบัญญัติยกเลิกคำสั่งหัวหน้าคณะรักษาความสงบแห่งชาติ ที่ 7/2558 เรื่อง การปฏิบัติหน้าที่ของคณะกรรมการคุรุสภา คณะกรรมการส่งเสริมสวัสดิการและสวัสดิภาพครูและบุคลากร
ทางการศึกษา และคณะกรรมการบริหารองค์การค้าของสำนักงานคณะกรรมการส่งเสริมสวัสดิการ
และสวัสดิภาพครูและบุคลากรทางการศึกษา ลงวันที่ 16 เมษายน พุทธศักราช 2558 และคำสั่งหัวหน้าคณะรักษาความสงบแห่งชาติ ที่ 17/2560 เรื่อง แก้ไขเพิ่มเติมคำสั่งหัวหน้าคณะรักษา
ความสงบแห่งชาติ ที่ 7/2558 ลงวันที่ 21 มีนาคม พุทธศักราช 2560  พ.ศ. ....",MERGED,2024-05-23,การศึกษา,พรรคประชาชน
ร่างพระราชบัญญัติโคนมและผลิตภัณฑ์นม (ฉบับที่ ..) พ.ศ. ....,IN_PROGRESS,2024-10-16,เศรษฐกิจ,พรรคใหม่
ร่างพระราชบัญญัติโคนมและผลิตภัณฑ์นม (ฉบับที่ ..) พ.ศ. ....,IN_PROGRESS,2024-10-16,เศรษฐกิจ,พรรคกล้าธรรม
ร่างพระราชบัญญัติยกเลิกคำสั่งหัวหน้าคณะรักษาความสงบแห่งชาติ ที่ 11/2561 เรื่อง การแก้ไของค์ประกอบของคณะกรรมการมาตรฐานวิชาชีพ ตามกฎหมายว่าด้วยสภาครูและบุคลากรทางการศึกษา ลงวันที่ 25 กรกฎาคม พุทธศักราช 2561 พ.ศ. ....,MERGED,2024-05-17,การศึกษา,พรรคประชาชน
ร่างพระราชบัญญัติประกันชีวิต (ฉบับที่ ..) พ.ศ. ....,IN_PROGRESS,2023-12-20,เศรษฐกิจ,พรรคประชาชน
พระราชบัญญัติแก้ไขเพิ่มเติมประมวลกฎหมายแพ่งและพาณิชย์ (ฉบับที่ 25) พ.ศ. 2568,ENACTED,2023-10-04,กระบวนการยุติธรรม,พรรคประชาชน
ร่างพระราชบัญญัติแก้ไขเพิ่มเติมประมวลกฎหมายอาญา (ฉบับที่ ..) พ.ศ. ....,IN_PROGRESS,2025-08-13,กระบวนการยุติธรรม,พรรคภูมิใจไทย
ร่างพระราชบัญญัติยกเลิกคำสั่งหัวหน้าคณะรักษาความสงบแห่งชาติ ที่ 16/2560 เ้รื่อง เรื่อง การบริหารงานบุคคลของข้าราชการครูและบุคลากรทางการศึกษา ลงวันที่ 21 มีนาคม พุทธศักราช 2560 พ.ศ. ....,MERGED,2024-04-30,การศึกษา,พรรคประชาชน
ร่างพระราชบัญญัติส่งเสริมและรักษาอากาศสะอาดเพื่อสุขภาพ พ.ศ. ....,MERGED,2023-12-14,สิ่งแวดล้อม,พรรคประชาธิปัตย์
ร่างพระราชบัญญัติแก้ไขเพิ่มเติมประมวลกฎหมายวิธีพิจารณาความอาญา (ฉบับที่ ..) พ.ศ. ....,IN_PROGRESS,2025-08-07,กระบวนการยุติธรรม,พรรคประชาชน
"ร่างพระราชบัญญัติยกเลิกคำสั่งหัวหน้าคณะรักษาความสงบแห่งชาติ ที่ 7/2558 เรื่อง การปฏิบัติหน้าที่ของคณะกรรมการ
คุรุสภา คณะกรรมการส่งเสริมสวัสดิการและสวัสดิภาพครูและบุคลากรทางการศึกษา 	และคณะกรรมการบริหารองค์การค้า
ของสำนักงานคณะกรรมการส่งเสริมสวัสดิการและสวัสดิภาพครูและ	บุคลากรทางการศึกษา ลงวันที่ 16 เมษายน พุทธศักราช 2558 และคำสั่งหัวหน้าคณะรักษาความสงบแห่งชาติ ที่ 17/2560 เรื่อง แก้ไขเพิ่มเติมคำสั่งหัวหน้าคณะรักษาความสงบ
แห่งชาติ ที่ 7/2558 ลงวันที่ 21 มีนาคม พุทธศักราช 2560 พ.ศ. ....",REJECTED,2024-04-30,การศึกษา,พรรคประชาชน
ร่างพระราชบัญญัติส่งเสริมและรักษาคุณภาพสิ่งแวดล้อมแห่งชาติ (ฉบับที่ ..) พ.ศ. ....,REJECTED,2023-12-13,สิ่งแวดล้อม,พรรคประชาชน
ร่างพระราชบัญญัติวิชาชีพทันตกรรม (ฉบับที่ ..)  พ.ศ. ....,IN_PROGRESS,2025-08-07,สาธารณสุข,พรรคเพื่อไทย
ร่างพระราชบัญญัติการศึกษาแห่งชาติ พ.ศ. ....,REJECTED,2024-05-03,การศึกษา,พรรคเพื่อไทย
ร่างพระราชบัญญัติยกเลิกประกาศคณะรักษาความสงบแห่งชาติ ฉบับที่ 98/2557 ลงวันที่ 21 กรกฎาคม พุทธศักราช 2557 คำสั่งหัวหน้าคณะรักษาความสงบแห่งชาติ ที่ 14/2559 ลงวันที่ 4 เมษายน พุทธศักราช 2559 และคำสั่งหัวหน้าคณะรักษาความสงบแห่งชาติ ที่ 57/2559 ลงวันที่ 15 กันยายน พุทธศักราช 2559 พ.ศ. ....,MERGED,2023-09-27,การเมือง,พรรคประชาชาติ
ร่างพระราชบัญญัติการเปลี่ยนแปลงสภาพภูมิอากาศ พ.ศ. ....,IN_PROGRESS,2023-12-13,สิ่งแวดล้อม,พรรคประชาชน
ร่างพระราชบัญญัติเงินช่วยเหลือผู้ประสบภัยพิบัติ พ.ศ. ....,IN_PROGRESS,2025-08-06,สวัสดิการ,พรรคภูมิใจไทย
ร่างพระราชบัญญัติการแข่งขันทางการค้า พ.ศ. ....,MERGED,2024-10-30,เศรษฐกิจ,พรรคเพื่อไทย
พระราชบัญญัติควบคุมเครื่องดื่มแอลกอฮอล์ (ฉบับที่ ..) พ.ศ. ....,MERGED,2023-09-27,สาธารณสุข,พรรคประชาชน
ร่างพระราชบัญญัติการรายงานการปล่อยและการเคลื่อนย้ายสารมลพิษสู่สิ่งแวดล้อม พ.ศ. ....,IN_PROGRESS,2023-12-13,สิ่งแวดล้อม,พรรคประชาชน
ร่างพระราชบัญญัติลำไย พ.ศ. ....,REJECTED,2022-03-31,เศรษฐกิจ,พรรคเพื่อไทย
ร่างพระราชบัญญัติกองทุนการประมงแห่งชาติ พ.ศ. ....,REJECTED,2022-06-08,เศรษฐกิจ,พรรคประชาชาติ
ร่างพระราชบัญญัติกองทุนการประมงแห่งชาติ พ.ศ. ....,REJECTED,2022-06-08,เศรษฐกิจ,พรรคประชาชาติ
ร่างพระราชบัญญัติแก้ไขเพิ่มเติมพระราชกำหนดการประมง พ.ศ. 2558 พ.ศ. ....,MERGED,2021-10-31,สิ่งแวดล้อม,พรรคประชาชน
ร่างพระราชบัญญัติบำนาญพื้นฐานถ้วนหน้า พ.ศ. ....,REJECTED,2020-08-05,สวัสดิการ,พรรคประชาชน
"ร่างพระราชบัญญัติแก้ไขเพิ่มเติมพระราชกำหนดการให้ความช่วยเหลือทางการเงินแก่ผู้ประกอบ
วิสาหกิจที่ได้รับผลกระทบจากการระบาดของโรคติดเชื้อไวรัสโคโรนา 2019 พ.ศ. 2563 (ฉบับที่..) พ.ศ. ....",REJECTED,2020-07-24,เศรษฐกิจ,พรรคเพื่อไทย
พระราชบัญญัติกองทุนบำเหน็จบำนาญข้าราชการ  (ฉบับที่ 8) พ.ศ. 2566,MERGED,2021-11-26,สวัสดิการ,พรรคประชาธิปัตย์
ร่างพระราชบัญญัติกองทุนเงินให้กู้ยืมเพื่อการศึกษา (ฉบับที่ ..) พ.ศ. ....,REJECTED,2020-07-23,การศึกษา,พรรคประชาชาติ
ร่างพระราชบัญญัติกองทุนเงินให้กู้ยืมเพื่อการศึกษา (ฉบับที่ ..) พ.ศ. ....,REJECTED,2020-07-23,การศึกษา,พรรคประชาชาติ
ร่างพระราชบัญญัติวินัยการเงินการคลังของรัฐ (ฉบับที่ ..) พ.ศ. ....,REJECTED,2022-03-03,เศรษฐกิจ,พรรคประชาธิปัตย์
พระราชบัญญัติอ้อยและน้ำตาลทราย (ฉบับที่ ..) พ.ศ. ....,MERGED,2020-07-16,เศรษฐกิจ,พรรคชาติไทยพัฒนา
"ร่างพระราชบัญญัติคุณสมบัติมาตรฐานสำหรับกรรมการและพนักงานรัฐวิสาหกิจ (ฉบับที่..) 
พ.ศ. ....",REJECTED,2022-02-25,การเมือง,พรรคประชาธิปัตย์
ร่างพระราชบัญญัติสภาองค์กรส่งเสริมกิจการพระพุทธศาสนา พ.ศ. ....,REJECTED,2022-02-08,วัฒนธรรม,พรรคเพื่อไทย
ร่างพระราชบัญญัติธนาคารแห่งประเทศไทย (ฉบับที่ ..) พ.ศ. ....,REJECTED,2020-07-15,เศรษฐกิจ,พรรคประชาธิปัตย์
ร่างพระราชบัญญัติส่งเสริมพุทธศาสนิกชนในการอุปถัมภ์และคุ้มครองพระพุทธศาสนา พ.ศ. ....,REJECTED,2022-02-08,วัฒนธรรม,พรรคเพื่อไทย
ร่างพระราชบัญญัติกองทุนสำรองเลี้ยงชีพ (ฉบับที่ ..) พ.ศ. ....,REJECTED,2022-02-25,สวัสดิการ,พรรคประชาธิปัตย์
ร่างพระราชบัญญัติส่งเสริมและรักษาคุณภาพสิ่งแวดล้อมแห่งชาติ (ฉบับที่..) พ.ศ. ....,REJECTED,2021-09-09,สิ่งแวดล้อม,พรรคประชาชน
ร่างพระราชบัญญัติส่งเสริมการเดินทางไปพุทธสังเวชนียสถาน พ.ศ. ....,REJECTED,2022-02-08,วัฒนธรรม,พรรคเพื่อไทย
ร่างพระราชบัญญัติส่งเสริมและรักษาคุณภาพสิ่งแวดล้อม (ฉบับที่ ..) พ.ศ. ....,REJECTED,2022-02-25,สิ่งแวดล้อม,พรรคประชาชน
ร่างพระราชบัญญัติผู้สูงอายุและบำนาญพื้นฐานแห่งชาติ (ฉบับที่ ..) พ.ศ. ....,REJECTED,2021-02-11,สวัสดิการ,พรรคประชาธิปัตย์
ร่างพระราชบัญญัติบำนาญแห่งชาติ พ.ศ. ....,REJECTED,2020-06-24,สวัสดิการ,พรรคประชาชาติ
ร่างพระราชบัญญัติบำนาญแห่งชาติ พ.ศ. ....,REJECTED,2020-06-24,สวัสดิการ,พรรคประชาชาติ
ร่างพระราชบัญญัติส่งเสริมการศึกษานอกระบบและการศึกษาตามอัธยาศัย (ฉบับที่ ..) พ.ศ. ....,REJECTED,2021-02-10,การศึกษา,พรรคเพื่อไทย
ร่างพระราชบัญญัติแก้ไขเพิ่มเติมพระราชกำหนดการประมง พ.ศ. 2558 พ.ศ. ....,MERGED,2021-05-30,สิ่งแวดล้อม,พรรคประชาธิปัตย์
ร่างพระราชบัญญัติภาษีที่ดินและสิ่งปลูกสร้าง (ฉบับที่ ..) พ.ศ. ....,REJECTED,2020-01-09,เศรษฐกิจ,พรรคภูมิใจไทย
ร่างพระราชบัญญัติการเลือกตั้งสมาชิกสภาท้องถิิ่นหรือผู้บริหารท้องถิ่น (ฉบับที่ ..) พ.ศ. ....,REJECTED,2020-01-15,การเมือง,พรรคภูมิใจไทย
ร่างพระราชบัญญัติการขนส่งทางบก (ฉบับที่ ..) พ.ศ. ....,REJECTED,2022-02-23,เศรษฐกิจ,พรรคประชาชน
พระราชบัญญัติป้องกันและปราบปรามการทรมานและการกระทำให้บุคคลสูญหาย พ.ศ. 2565,MERGED,2020-06-25,กระบวนการยุติธรรม,พรรคประชาชาติ
พระราชบัญญัติป้องกันและปราบปรามการทรมานและการกระทำให้บุคคลสูญหาย พ.ศ. 2565,MERGED,2020-06-25,กระบวนการยุติธรรม,พรรคประชาชาติ
ร่างพระราชบัญญัติส่งเสริมการเดินทางไปพุทธสังเวชนียสถาน พ.ศ. ....,REJECTED,2022-02-03,วัฒนธรรม,พรรคพลังท้องถิ่นไท
ร่างพระราชบัญญัติธนาคารพุทธแห่งประเทศไทย พ.ศ. ....,REJECTED,2022-02-08,เศรษฐกิจ,พรรคเพื่อไทย
ร่างพระราชบัญญัติล้มละลาย (ฉบับที่ ..) พ.ศ. ....,MERGED,2022-06-29,เศรษฐกิจ,พรรคประชาชน
ร่างพระราชบัญญัติเงินบำนาญประชาชน พ.ศ. ....,REJECTED,2022-02-08,สวัสดิการ,พรรคเสรีรวมไทย
ร่างพระราชบัญญัติสภาองค์กรส่งเสริมกิจการพระพุทธศาสนา พ.ศ. ....,REJECTED,2022-02-03,วัฒนธรรม,พรรคพลังท้องถิ่นไท
ร่างพระราชบัญญัติแก้ไขเพิ่มเติมประมวลกฎหมายวิธีพิจารณาความอาญา (ฉบับที่ ..) พ.ศ. ....,REJECTED,2019-12-18,กระบวนการยุติธรรม,พรรคภูมิใจไทย
ร่างพระราชบัญญัติส่งเสริมพุทธศาสนิกชนในการอุปถัมภ์และคุ้มครองพระพุทธศาสนา พ.ศ. ....,REJECTED,2022-02-03,วัฒนธรรม,พรรคพลังท้องถิ่นไท
พระราชบัญญัติแก้ไขเพิ่มเติมคำสั่งหัวหน้าคณะรักษาความสงบแห่งชาติ ที่ 19/2560 เรื่อง การปฏิรูปการศึกษาในภูมิภาคของกระทรวงศึกษาธิการ ลงวันที่ 3 เมษายน พุทธศักราช 2560 พ.ศ. 2565,MERGED,2021-02-09,การศึกษา,พรรคชาติไทยพัฒนา
ร่างพระราชบัญญัติภาษีสรรพสามิต (ฉบับที่ ..) พ.ศ. ....,REJECTED,2020-05-29,เศรษฐกิจ,พรรคประชาชน
ร่างพระราชบัญญัติแก้ไขเพิ่มเติมประมวลกฎหมายแพ่งและพาณิชย์ (ฉบับที่ ..) พ.ศ. ....,MERGED,2020-06-18,กระบวนการยุติธรรม,พรรคประชาชน
ร่างพระราชบัญญัติป้องกันและปราบปรามการกระทำความผิดในลักษณะแชร์ลูกโซ่ พ.ศ. ....,REJECTED,2019-11-06,กระบวนการยุติธรรม,พรรคพลังประชารัฐ
ร่างพระราชบัญญัติอุปถัมภ์และส่งเสริมพระพุทธศาสนาแห่งชาติ พ.ศ. ....,REJECTED,2019-12-18,วัฒนธรรม,พรรคเพื่อไทย
ร่างพระราชบัญญัติการอำนวยความสะดวกในการพิจารณาอนุญาตของทางราชการ (ฉบับที่..) พ.ศ. ....,REJECTED,2021-09-16,อื่นๆ,พรรคประชาธิปัตย์
ร่างพระราชบัญญัติบำเหน็จบำนาญข้าราชการ (ฉบับที่ ..) พ.ศ. ....,REJECTED,2022-02-03,สวัสดิการ,พรรคครูไทยเพื่อประชาชน
ร่างพระราชบัญญัติบำเหน็จบำนาญข้าราชการ (ฉบับที่ ..) พ.ศ. ....,REJECTED,2022-02-03,สวัสดิการ,พรรคกล้าธรรม
ร่างพระราชบัญญัติบำเหน็จบำนาญข้าราชการ (ฉบับที่ ..) พ.ศ. ....,REJECTED,2022-02-03,สวัสดิการ,พรรคครูไทยเพื่อประชาชน
ร่างพระราชบัญญัติเงินบำนาญประชาชน พ.ศ. ....,REJECTED,2020-05-27,สวัสดิการ,พรรคเสรีรวมไทย
ร่างพระราชบัญญัติวินัยการเงินการคลังของรัฐ(ฉบับที่..) พ.ศ. ....,REJECTED,2021-01-27,เศรษฐกิจ,พรรคประชาธิปัตย์
ร่างพระราชบัญญัติกองทุนเพื่อการลงทุนของสำนักงานประกันสังคม พ.ศ. ....,REJECTED,2021-02-03,สวัสดิการ,พรรคประชาธิปัตย์
ร่างพระราชบัญญัติอากาศสะอาดเพื่อสิทธิมนุษยชนขั้นพื้นฐาน พ.ศ. ....,REJECTED,2022-01-27,สิ่งแวดล้อม,พรรคเพื่อไทย
ร่างพระราชบัญญัติการชุมนุมสาธารณะ (ฉบับที่ ..) พ.ศ. ....,REJECTED,2022-01-27,การเมือง,พรรคประชาชน
ร่างพระราชบัญญัติแก้ไขเพิ่มเติมพระราชกำหนดการประมง พ.ศ. 2558 พ.ศ. ....,REJECTED,2022-01-27,สิ่งแวดล้อม,พรรคเพื่อไทย
ร่างพระราชบัญญัติแก้ไขเพิ่มเติมพระราชกำหนดการประมง พ.ศ. 2558 พ.ศ. ....,REJECTED,2022-01-27,สิ่งแวดล้อม,พรรคเพื่อไทย
ร่างพระราชบัญญัติแก้ไขเพิ่มเติมพระราชกำหนดการประมง พ.ศ. 2558 พ.ศ. ....,REJECTED,2022-01-27,สิ่งแวดล้อม,พรรคเพื่อไทย
ร่างพระราชบัญญัติธรรมนูญศาลทหาร (ฉบับที่ ..) พ.ศ. ....,REJECTED,2019-11-14,กระบวนการยุติธรรม,พรรคประชาชาติ
ร่างพระราชบัญญัติธรรมนูญศาลทหาร (ฉบับที่ ..) พ.ศ. ....,REJECTED,2019-11-14,กระบวนการยุติธรรม,พรรคประชาชาติ
ร่างพระราชบัญญัติธนาคารพุทธแห่งประเทศไทย พ.ศ. ....,REJECTED,2022-02-03,เศรษฐกิจ,พรรคพลังท้องถิ่นไท
ร่างพระราชบัญญัติการมีส่วนร่วมของประชาชน พ.ศ. ....,REJECTED,2022-01-27,การเมือง,พรรคประชาชน
ร่างพระราชบัญญัติช้าง พ.ศ. ....,REJECTED,2021-03-18,สิ่งแวดล้อม,พรรคชาติไทยพัฒนา
พระราชบัญญัติอ้อยและน้ำตาลทราย (ฉบับที่ ..) พ.ศ. ....,MERGED,2020-02-06,เศรษฐกิจ,พรรคพลังประชารัฐ
ร่างพระราชบัญญํติแก้ไขเพิ่มเติมคำสั่งหัวหน้าคณะรักษาความสงบแห่งชาติ ที่ 19/2560 พ.ศ. ....,REJECTED,2020-02-28,การเมือง,พรรคเพื่อไทย
ร่างพระราชบัญญัติเงินบำนาญประชาชน พ.ศ. ....,REJECTED,2020-02-24,สวัสดิการ,พรรคเสรีรวมไทย
ร่างพระราชบัญญัติอากาศสะอาดเพื่อประชาชน พ.ศ. ....,REJECTED,2020-07-09,สิ่งแวดล้อม,พรรคภูมิใจไทย
พระราชบัญญัติแก้ไขเพิ่มเติมคำสั่งหัวหน้าคณะรักษาความสงบแห่งชาติ ที่ 19/2560 เรื่อง การปฏิรูปการศึกษาในภูมิภาคของกระทรวงศึกษาธิการ ลงวันที่ 3 เมษายน พุทธศักราช 2560 พ.ศ. 2565,MERGED,2021-01-29,การศึกษา,พรรคประชาชน
ร่างพระราชบัญญัติกองทุนการออมแห่งชาติ (ฉบับที่ ..) พ.ศ. ....,REJECTED,2020-02-05,สวัสดิการ,พรรคประชาธิปัตย์
ร่างพระราชบัญญัติว่าด้วยการเข้าชื่อเสนอกฎหมาย พ.ศ. ....,REJECTED,2020-02-20,การเมือง,พรรคประชาชน
ร่างพระราชบัญญัติอนุญาโตตุลาการ (ฉบับที่ ..) พ.ศ. ....,REJECTED,2019-11-14,กระบวนการยุติธรรม,พรรคภูมิใจไทย
ร่างพระราชบัญญัติค่าตอบแทนผู้เสียหาย และค่าทดแทนและค่าใช้จ่ายแก่จำเลยในคดีอาญา (ฉบับที่ ..) พ.ศ . ....,REJECTED,2023-01-12,กระบวนการยุติธรรม,พรรคภูมิใจไทย
ร่างพระราชบัญญัติสหกรณ์ (ฉบับที่..) พ.ศ. ....,REJECTED,2023-01-05,เศรษฐกิจ,พรรคประชาชาติ
ร่างพระราชบัญญัติสหกรณ์ (ฉบับที่..) พ.ศ. ....,REJECTED,2023-01-05,เศรษฐกิจ,พรรคประชาชาติ
"ร่างพระราชบัญญัติแก้ไขเพิ่มเติมพระราชกำหนดการให้ความช่วยเหลือทางการเงินแก่ผู้ประกอบ
วิสาหกิจที่ได้รับผลกระทบจากการระบาดของโรคติดเชื้อไวรัสโคโรนา 2019 พ.ศ. 2563  พ.ศ. ....",REJECTED,2021-01-15,เศรษฐกิจ,พรรคประชาชน
ร่างพระราชบัญญัติแก้ไขเพิ่มเติมประมวลกฎหมายอาญา (ฉบับที่ ..) พ.ศ. ....,REJECTED,2020-11-11,กระบวนการยุติธรรม,พรรคพลังประชารัฐ
"ร่างพระราชบัญญัติแก้ไขเพิ่มเติมคำสั่งหัวหน้าคณะรักษาความสงบแห่งชาติ ที่ 7/2558 เรื่อง การปฏิบัติหน้าที่ของคณะกรรมการคุรุสภา
คณะกรรมการส่งเสริมสวัสดิการและสวัสดิภาพครูและบุคลากรทางการศึกษาและคณะกรรมการบริหารองค์การค้าของสำนักงานคณะกรรมการ
ส่งเสริมสวัสดิการและสวัสดิภาพครูและบุคลากรทางการศึกษา ลงวันที่ 16 เมษายน พุทธศักราช 2558 พ.ศ. ....",REJECTED,2023-02-22,การศึกษา,พรรคประชาชน
ร่างพระราชบัญญัติส่งเสริมพุทธศาสนิกชนในการอุปถัมภ์และคุ้มครองพระพุทธศาสนา พ.ศ. ....,REJECTED,2022-01-27,วัฒนธรรม,พรรคเพื่อไทย
ร่างพระราชบัญญัติกองทุนเงินให้กู้ยืมเพื่อการศึกษา พ.ศ. 2560 (ฉบับที่ ..) พ.ศ. ....,IN_PROGRESS,2019-09-13,การศึกษา,พรรคภูมิใจไทย
ร่างพระราชบัญญัติกองทุนเงินให้กู้ยืมเพื่อการศึกษา พ.ศ. 2560 (ฉบับที่ ..) พ.ศ. ....,IN_PROGRESS,2019-09-13,การศึกษา,พรรคภูมิใจไทย
ร่างพระราชบัญญัติว่าด้วยการออกเสียงประชามติ (ฉบับที่ ..) พ.ศ. ....,REJECTED,2022-11-29,การเมือง,พรรคประชาชน
ร่างพระราชบัญญัติแก้ไขเพิ่มเติมคำสั่งหัวหน้าคณะรักษาความสงบแห่งชาติที่ 17/2560 เรื่อง แก้ไขเพิ่มเติมคำสั่งหัวหน้าคณะรักษาความสงบแห่งชาติ ที่ 7/2558 ลงวันที่ 21 มีนาคม พุทธศักราช 2560 พ.ศ. ....,REJECTED,2023-02-22,การเมือง,พรรคประชาชน
พระราชบัญญัติอ้อยและน้ำตาลทราย (ฉบับที่ ..) พ.ศ. ....,MERGED,2019-09-13,เศรษฐกิจ,พรรคภูมิใจไทย
พระราชบัญญัติอ้อยและน้ำตาลทราย (ฉบับที่ ..) พ.ศ. ....,MERGED,2019-09-13,เศรษฐกิจ,พรรคภูมิใจไทย
ร่างพระราชบัญญัติอาสาสมัครสาธารณสุขหมอประจำบ้านและหมอประจำหมู่บ้าน พ.ศ. ....,REJECTED,2019-09-13,สาธารณสุข,พรรคภูมิใจไทย
ร่างพระราชบัญญัติอาสาสมัครสาธารณสุขหมอประจำบ้านและหมอประจำหมู่บ้าน พ.ศ. ....,REJECTED,2019-09-13,สาธารณสุข,พรรคภูมิใจไทย
ร่างพระราชบัญญัติแก้ไขเพิ่มเติมประมวลกฎหมายที่ดิน (ฉบับที่ ..) พ.ศ. ....,REJECTED,2021-12-02,เศรษฐกิจ,พรรคพลังประชารัฐ
ร่างพระราชบัญญัติบำเหน็จบำนาญข้าราชการส่วนท้องถิ่น (ฉบับที่ ..) พ.ศ. ....,REJECTED,2022-09-07,สวัสดิการ,พรรคครูไทยเพื่อประชาชน
ร่างพระราชบัญญัติบำเหน็จบำนาญข้าราชการส่วนท้องถิ่น (ฉบับที่ ..) พ.ศ. ....,REJECTED,2022-09-07,สวัสดิการ,พรรคกล้าธรรม
ร่างพระราชบัญญัติบำเหน็จบำนาญข้าราชการส่วนท้องถิ่น (ฉบับที่ ..) พ.ศ. ....,REJECTED,2022-09-07,สวัสดิการ,พรรคครูไทยเพื่อประชาชน
ร่างพระราชบัญญัติลักษณะปกครองท้องที่ (ฉบับที่ ..) พ.ศ. ....,REJECTED,2022-09-07,การเมือง,พรรคครูไทยเพื่อประชาชน
ร่างพระราชบัญญัติลักษณะปกครองท้องที่ (ฉบับที่ ..) พ.ศ. ....,REJECTED,2022-09-07,การเมือง,พรรคกล้าธรรม
ร่างพระราชบัญญัติลักษณะปกครองท้องที่ (ฉบับที่ ..) พ.ศ. ....,REJECTED,2022-09-07,การเมือง,พรรคครูไทยเพื่อประชาชน
ร่างพระราชบัญญัติวินัยการเงินการคลังของรัฐ (ฉบับที่ ..) พ.ศ. ....,REJECTED,2020-02-05,เศรษฐกิจ,พรรคประชาชน
ร่างพระราชบัญญัติส่งเสริมการศึกษานอกระบบและการศึกษาตามอัธยาศัย (ฉบับที่ ..) พ.ศ. ....,REJECTED,2019-09-13,การศึกษา,พรรคภูมิใจไทย
ร่างพระราชบัญญัติส่งเสริมการศึกษานอกระบบและการศึกษาตามอัธยาศัย (ฉบับที่ ..) พ.ศ. ....,REJECTED,2019-09-13,การศึกษา,พรรคภูมิใจไทย
ร่างพระราชบัญญัติพืชพลังงาน พ.ศ. ....,REJECTED,2019-09-13,เศรษฐกิจ,พรรคภูมิใจไทย
ร่างพระราชบัญญัติพืชพลังงาน พ.ศ. ....,REJECTED,2019-09-13,เศรษฐกิจ,พรรคภูมิใจไทย
ร่างพระราชบัญญัติแก้ไขเพิ่มเติมประมวลกฎหมายแพ่งและพาณิชย์ (ฉบับที่ ..) พ.ศ. ....,REJECTED,2022-08-31,กระบวนการยุติธรรม,พรรคประชาชน
ร่างพระราชบัญญัติส่งเสริมพุทธศาสนิกชนในการอุปถัมภ์และคุ้มครองพระพุทธศาสนา พ.ศ. ....,REJECTED,2022-06-22,วัฒนธรรม,พรรคเพื่อไทย
ร่างพระราชบัญญัติส่งเสริมพุทธศาสนิกชนในการอุปถัมภ์และคุ้มครองพระพุทธศาสนา พ.ศ. ....,REJECTED,2022-06-22,วัฒนธรรม,พรรคเพื่อไทย
ร่างพระราชบัญญัติส่งเสริมพุทธศาสนิกชนในการอุปถัมภ์และคุ้มครองพระพุทธศาสนา พ.ศ. ....,REJECTED,2022-06-22,วัฒนธรรม,พรรคเพื่อไทย
"ร่างพระราชบัญญัติแก้ไขเพิ่มเติมคำสั่งหัวหน้าคณะรักษาความสงบแห่งชาติ ที่ 16/2560 เรื่อง การบริหารงานบุคคลของข้าราชการครูและบุคลากรทางการศึกษา
ลงวันที่ 21 มีนาคม พุทธศักราช 2560 พ.ศ. ....",REJECTED,2023-02-22,การศึกษา,พรรคประชาชน
ร่างพระราชบัญญัติธนาคารพุทธแห่งประเทศไทย พ.ศ. ....,REJECTED,2022-01-27,เศรษฐกิจ,พรรคเพื่อไทย
พระราชบัญญัติคุ้มครองแรงงาน (ฉบับที่ 8) พ.ศ. 2566,ENACTED,2019-09-13,แรงงาน,พรรคภูมิใจไทย
พระราชบัญญัติคุ้มครองแรงงาน (ฉบับที่ 8) พ.ศ. 2566,ENACTED,2019-09-13,แรงงาน,พรรคภูมิใจไทย
ร่างพระราชบัญญัติเขตพัฒนาเศรษฐกิจพิเศษชายเเดนภาคใต้ พ.ศ. ....,REJECTED,2019-09-13,เศรษฐกิจ,พรรคภูมิใจไทย
ร่างพระราชบัญญัติเขตพัฒนาเศรษฐกิจพิเศษชายเเดนภาคใต้ พ.ศ. ....,REJECTED,2019-09-13,เศรษฐกิจ,พรรคภูมิใจไทย
ร่างพระราชบัญญัติค่าตอบแทนผู้เสียหาย และค่าทดแทน และค่าใช้จ่ายแก่ผู้ต้องหาและจำเลยในคดีอาญา พ.ศ. ....,REJECTED,2020-12-23,กระบวนการยุติธรรม,พรรคพลังประชารัฐ
ร่างพระราชบัญญัติส่งเสริมการเดินทางไปพุทธสังเวชนียสถาน พ.ศ. ....,REJECTED,2022-06-22,วัฒนธรรม,พรรคเพื่อไทย
ร่างพระราชบัญญัติส่งเสริมการเดินทางไปพุทธสังเวชนียสถาน พ.ศ. ....,REJECTED,2022-06-22,วัฒนธรรม,พรรคเพื่อไทย
ร่างพระราชบัญญัติส่งเสริมการเดินทางไปพุทธสังเวชนียสถาน พ.ศ. ....,REJECTED,2022-06-22,วัฒนธรรม,พรรคเพื่อไทย
ร่างพระราชบัญญัติคู่ชีวิต พ.ศ. ....,REJECTED,2022-06-10,สวัสดิการ,พรรคประชาธิปัตย์
พระราชบัญญัติแก้ไขเพิ่มเติมคำสั่งหัวหน้าคณะรักษาความสงบแห่งชาติ ที่ 19/2560 เรื่อง การปฏิรูปการศึกษาในภูมิภาคของกระทรวงศึกษาธิการ ลงวันที่ 3 เมษายน พุทธศักราช 2560 พ.ศ. 2565,MERGED,2020-11-30,การศึกษา,พรรคประชาธิปัตย์
ร่างพระราชบัญญัติการศึกษาแห่งชาติ พ.ศ. ....,REJECTED,2021-06-17,การศึกษา,พรรคเพื่อไทย
ร่างพระราชบัญญัติยาเสพติดให้โทษ (ฉบับที่ ..) พ.ศ. ....,REJECTED,2019-09-13,กระบวนการยุติธรรม,พรรคภูมิใจไทย
ร่างพระราชบัญญัติยาเสพติดให้โทษ (ฉบับที่ ..) พ.ศ. ....,REJECTED,2019-09-13,กระบวนการยุติธรรม,พรรคภูมิใจไทย
ร่างพระราชบัญญัติป่าไม้ (ฉบับที่ ..) พ.ศ. ....,REJECTED,2022-09-16,สิ่งแวดล้อม,พรรคภูมิใจไทย
ร่างพระราชบัญญัติแก้ไขเพิ่มเติมประมวลกฎหมายอาญา (ฉบับที่ ..) พ.ศ. ....,REJECTED,2020-09-18,กระบวนการยุติธรรม,พรรคประชาชน
ร่างพระราชบัญญัติองค์กรจัดสรรคลื่นความถี่และกำกับการประกอบกิจการวิทยุกระจายเสียง วิทยุโทรทัศน์ และกิจการโทรคมนาคม (ฉบับที่ ..) พ.ศ. ....,REJECTED,2022-06-14,เศรษฐกิจ,พรรคเพื่อไทย
ร่างพระราชบัญญัติการประกอบกิจการกระจายเสียง และกิจการโทรทัศน์ (ฉบับที่..) พ.ศ. ....,REJECTED,2022-09-14,เศรษฐกิจ,พรรคเพื่อไทย
ร่างพระราชบัญญัติเขตพัฒนาพื้นที่ระเบียงเศรษฐกิจภาคใต้ พ.ศ. ....,REJECTED,2020-12-03,เศรษฐกิจ,พรรคพลังท้องถิ่นไท
ร่างพระราชบัญญัติกองทุนบำเหน็จบำนาญข้าราชการ(ฉบับที่ ..) พ.ศ. ....,REJECTED,2022-09-07,สวัสดิการ,พรรคครูไทยเพื่อประชาชน
ร่างพระราชบัญญัติกองทุนบำเหน็จบำนาญข้าราชการ(ฉบับที่ ..) พ.ศ. ....,REJECTED,2022-09-07,สวัสดิการ,พรรคกล้าธรรม
ร่างพระราชบัญญัติกองทุนบำเหน็จบำนาญข้าราชการ(ฉบับที่ ..) พ.ศ. ....,REJECTED,2022-09-07,สวัสดิการ,พรรคครูไทยเพื่อประชาชน
พระราชบัญญัติกองทุนเงินให้กู้ยืมเพื่อการศึกษา (ฉบับที่ ..) พ.ศ. ....,MERGED,2020-12-03,การศึกษา,พรรคภูมิใจไทย
พระราชบัญญัติกองทุนเงินให้กู้ยืมเพื่อการศึกษา (ฉบับที่ ..) พ.ศ. ....,MERGED,2020-12-03,การศึกษา,พรรคภูมิใจไทย
ร่างพระราชบัญญัติบำเหน็จบำนาญข้าราชการ (ฉบับที่ ..) พ.ศ. ....,REJECTED,2022-09-07,สวัสดิการ,พรรคครูไทยเพื่อประชาชน
ร่างพระราชบัญญัติบำเหน็จบำนาญข้าราชการ (ฉบับที่ ..) พ.ศ. ....,REJECTED,2022-09-07,สวัสดิการ,พรรคกล้าธรรม
ร่างพระราชบัญญัติบำเหน็จบำนาญข้าราชการ (ฉบับที่ ..) พ.ศ. ....,REJECTED,2022-09-07,สวัสดิการ,พรรคครูไทยเพื่อประชาชน
ร่างพระราชบัญญัติแก้ไขเพิ่มเติมพระราชกำหนดการประมง พ.ศ. 2558 พ.ศ. ....,MERGED,2022-09-01,สิ่งแวดล้อม,พรรคประชาชน
ร่างพระราชบัญญัติส่งเสริมการใช้ประโยชน์กัญชา กัญชง พ.ศ. ....,MERGED,2022-02-25,สาธารณสุข,พรรคพลังประชารัฐ
ร่างพระราชบัญญัติส่งเสริมการใช้ประโยชน์กัญชา กัญชง พ.ศ. ....,MERGED,2022-02-25,สาธารณสุข,พรรคเพื่อไทย
ร่างพระราชบัญญัติสถาบันพืชยาเสพติดแห่งประเทศไทย พ.ศ. ....,REJECTED,2019-09-13,สาธารณสุข,พรรคภูมิใจไทย
ร่างพระราชบัญญัติสถาบันพืชยาเสพติดแห่งประเทศไทย พ.ศ. ....,REJECTED,2019-09-13,สาธารณสุข,พรรคภูมิใจไทย
พระราชบัญญัติอ้อยและน้ำตาลทราย (ฉบับที่ ..) พ.ศ. ....,MERGED,2020-09-16,เศรษฐกิจ,พรรคเพื่อไทย
ร่างพระราชบัญญัติเขตเศรษฐกิจพิเศษขวานทองคลองไทยภาคใต้ พ.ศ. ....,REJECTED,2020-09-03,เศรษฐกิจ,พรรคเพื่อไทย
ร่างพระราชบัญญัติธนาคารพุทธแห่งประเทศไทย พ.ศ. ....,REJECTED,2022-06-22,เศรษฐกิจ,พรรคเพื่อไทย
ร่างพระราชบัญญัติธนาคารพุทธแห่งประเทศไทย พ.ศ. ....,REJECTED,2022-06-22,เศรษฐกิจ,พรรคเพื่อไทย
ร่างพระราชบัญญัติธนาคารพุทธแห่งประเทศไทย พ.ศ. ....,REJECTED,2022-06-22,เศรษฐกิจ,พรรคเพื่อไทย
ร่างพระราชบัญญัติกองทุนบำเหน็จบำนาญข้าราชการ(ฉบับที่..) พ.ศ. ....,REJECTED,2022-02-03,สวัสดิการ,พรรคครูไทยเพื่อประชาชน
ร่างพระราชบัญญัติกองทุนบำเหน็จบำนาญข้าราชการ(ฉบับที่..) พ.ศ. ....,REJECTED,2022-02-03,สวัสดิการ,พรรคกล้าธรรม
ร่างพระราชบัญญัติกองทุนบำเหน็จบำนาญข้าราชการ(ฉบับที่..) พ.ศ. ....,REJECTED,2022-02-03,สวัสดิการ,พรรคครูไทยเพื่อประชาชน
พระราชบัญญัติอ้อยและน้ำตาลทราย (ฉบับที่ ..) พ.ศ. ....,MERGED,2020-09-02,เศรษฐกิจ,พรรคเพื่อไทย
ร่างพระราชบัญญัติแก้ไขเพิ่มเติมพระราชบัญญัติอ้อยและน้ำตาลทราย พ.ศ. 2527 (ฉบับที่ ..) พ.ศ. ....,IN_PROGRESS,2020-09-01,เศรษฐกิจ,พรรคเพื่อไทย
พระราชบัญญัติกองทุนเงินให้กู้ยืมเพื่อการศึกษา (ฉบับที่ ..) พ.ศ. ....,MERGED,2022-01-10,การศึกษา,พรรคเพื่อไทย
ร่างพระราชบัญญัติวิธีการงบประมาณ (ฉบับที่..) พ.ศ. ....,REJECTED,2019-08-30,การเมือง,พรรคเพื่อไทย
ร่างพระราชบัญญัติแก้ไขเพิ่มเติมพระราชกำหนดการประมง พ.ศ. 2558 พ.ศ. ....,MERGED,2022-06-08,สิ่งแวดล้อม,พรรคประชาชาติ
ร่างพระราชบัญญัติแก้ไขเพิ่มเติมพระราชกำหนดการประมง พ.ศ. 2558 พ.ศ. ....,MERGED,2022-06-08,สิ่งแวดล้อม,พรรคประชาชาติ
ร่างพระราชบัญญัติอากาศสะอาดเพื่อประชาชน พ.ศ. ....,REJECTED,2020-07-30,สิ่งแวดล้อม,พรรคภูมิใจไทย
พระราชบัญญัติป้องกันและปราบปรามการทรมานและการกระทำให้บุคคลสูญหาย พ.ศ. 2565,MERGED,2020-07-09,กระบวนการยุติธรรม,พรรคพลังประชารัฐ
ร่างพระราชบัญญัติการอาชีวศึกษา (ฉบับที่ ..) พ.ศ. ....,REJECTED,2021-03-01,การศึกษา,พรรคเพื่อไทย
ร่างพระราชบัญญัติการศึกษาแห่งชาติ พ.ศ. ....,REJECTED,2021-02-25,การศึกษา,พรรคประชาชน
ร่างพระราชบัญญัติผู้สูงอายุและบำนาญพื้นฐานแห่งชาติ (ฉบับที่ ..) พ.ศ. ....,REJECTED,2021-02-16,สวัสดิการ,พรรคเศรษฐกิจ
ร่างพระราชบัญญัติผู้สูงอายุและบำนาญพื้นฐานแห่งชาติ (ฉบับที่ ..) พ.ศ. ....,REJECTED,2021-02-16,สวัสดิการ,พรรคพลังประชารัฐ
ร่างพระราชบัญญัติผู้สูงอายุและบำนาญพื้นฐานแห่งชาติ (ฉบับที่ ..) พ.ศ. ....,REJECTED,2021-02-16,สวัสดิการ,พรรคพลังประชารัฐ
พระราชบัญญัติป้องกันและปราบปรามการทรมานและการกระทำให้บุคคลสูญหาย พ.ศ. 2565,MERGED,2020-07-08,กระบวนการยุติธรรม,พรรคประชาธิปัตย์
ร่างพระราชบัญญัติราชทัณฑ์ (ฉบับที่่ ..) พ.ศ. ....,REJECTED,2022-02-08,กระบวนการยุติธรรม,พรรคประชาธิปัตย์
"ร่างพระราชบัญญัติแก้ไขเพิ่มเติมพระราชกำหนดให้อำนาจกระทรวงการคลังกู้เงินเพื่อแก้ไขปัญหา เยียวยา และฟื้นฟูเศรษฐกิจและสังคม ที่ได้รับผลกระทบจากการระบาดของโรคติดเชื้อไวรัสโคโรนา 2019 
พ.ศ. 2563 (ฉบับที่ ..) พ.ศ. ....",REJECTED,2020-06-17,เศรษฐกิจ,พรรคเพื่อไทย
"ร่างพระราชบัญญัติแก้ไขเพิ่มเติมพระราชกำหนดให้อำนาจกระทรวงการคลังกู้เงินเพื่อแก้ไขปัญหา เยียวยา และฟื้นฟูเศรษฐกิจและสังคม ที่ได้รับผลกระทบจากการระบาดของโรคติดเชื้อไวรัสโคโรนา 2019 
พ.ศ. 2563 (ฉบับที่ ..) พ.ศ. ....",REJECTED,2020-06-17,เศรษฐกิจ,พรรคเพื่อไทย
"ร่างพระราชบัญญัติแก้ไขเพิ่มเติมพระราชกำหนดให้อำนาจกระทรวงการคลังกู้เงินเพื่อแก้ไขปัญหา เยียวยา และฟื้นฟูเศรษฐกิจและสังคม ที่ได้รับผลกระทบจากการระบาดของโรคติดเชื้อไวรัสโคโรนา 2019 
พ.ศ. 2563 (ฉบับที่ ..) พ.ศ. ....",REJECTED,2020-06-17,เศรษฐกิจ,พรรคเพื่อไทย
ร่างพระราชบัญญัติบำเหน็จบำนาญข้าราชการส่วนท้องถิ่น (ฉบับที่่ ..) พ.ศ. ....,REJECTED,2022-02-03,สวัสดิการ,พรรคครูไทยเพื่อประชาชน
ร่างพระราชบัญญัติบำเหน็จบำนาญข้าราชการส่วนท้องถิ่น (ฉบับที่่ ..) พ.ศ. ....,REJECTED,2022-02-03,สวัสดิการ,พรรคกล้าธรรม
ร่างพระราชบัญญัติบำเหน็จบำนาญข้าราชการส่วนท้องถิ่น (ฉบับที่่ ..) พ.ศ. ....,REJECTED,2022-02-03,สวัสดิการ,พรรคครูไทยเพื่อประชาชน
ร่างพระราชบัญญัติแก้ไขเพิ่มเติมพระราชกำหนดการรักษาเสถียรภาพของระบบการเงินและความมั่นคงทางเศรษฐกิจของประเทศ พ.ศ. 2563 (ฉบับที่ ..) พ.ศ. ....,REJECTED,2020-06-17,เศรษฐกิจ,พรรคเพื่อไทย
พระราชบัญญัติกองทุนเงินให้กู้ยืมเพื่อการศึกษา (ฉบับที่ ..) พ.ศ. ....,MERGED,2022-01-06,การศึกษา,พรรคประชาชาติ
พระราชบัญญัติกองทุนเงินให้กู้ยืมเพื่อการศึกษา (ฉบับที่ ..) พ.ศ. ....,MERGED,2022-01-06,การศึกษา,พรรคประชาชาติ
ร่างพระราชบัญญัติแก้ไขเพิ่มเติมประมวลกฎหมายวิธีพิจารณาความอาญา (ฉบับที่ ..) พ.ศ. ....,REJECTED,2022-02-04,กระบวนการยุติธรรม,พรรคภูมิใจไทย
ร่างพระราชบัญญัติอุทยานแห่งชาติ (ฉบับที่ ..) พ.ศ. ....,REJECTED,2021-06-16,สิ่งแวดล้อม,พรรคภูมิใจไทย
"ร่างพระราชบัญญัติแก้ไขเพิ่มเติมพระราชกำหนดการให้ความช่วยเหลือทางการเงินแก่ผู้ประกอบ
วิสาหกิจที่ได้รับผลกระทบจากการระบาดของโรคติดเชื้อไวรัสโคโรนา 2019 พ.ศ. 2563 (ฉบับที่..) พ.ศ. ....",REJECTED,2020-06-17,เศรษฐกิจ,พรรคเพื่อไทย
ร่างพระราชบัญญัติสภาวิสาหกิจขนาดกลาง ขนาดย่อม และขนาดย่อยไทย พ.ศ. ....,REJECTED,2019-11-27,เศรษฐกิจ,พรรคเพื่อไทย
ร่างพระราชบัญญัติป่าสงวนแห่งชาติ (ฉบับที่ ..) พ.ศ. ....,REJECTED,2021-06-16,สิ่งแวดล้อม,พรรคภูมิใจไทย
ร่างพระราชบัญญัติสภาองค์กรส่งเสริมกิจการพระพุทธศาสนา พ.ศ. ....,REJECTED,2022-06-22,วัฒนธรรม,พรรคเพื่อไทย
ร่างพระราชบัญญัติสภาองค์กรส่งเสริมกิจการพระพุทธศาสนา พ.ศ. ....,REJECTED,2022-06-22,วัฒนธรรม,พรรคเพื่อไทย
ร่างพระราชบัญญัติสภาองค์กรส่งเสริมกิจการพระพุทธศาสนา พ.ศ. ....,REJECTED,2022-06-22,วัฒนธรรม,พรรคเพื่อไทย
ร่างพระราชบัญญัติป่าไม้ (ฉบับที่ ..) พ.ศ. ....,REJECTED,2021-06-16,สิ่งแวดล้อม,พรรคภูมิใจไทย
ร่างพระราชบัญญัติแก้ไขเพิ่มเติมประมวลกฎหมายอาญา (ฉบับที่ ..) พ.ศ. ....,REJECTED,2022-02-02,กระบวนการยุติธรรม,พรรคประชาชาติ
ร่างพระราชบัญญัติกีฬามวย (ฉบับที่..) พ.ศ. ....,REJECTED,2021-06-09,วัฒนธรรม,พรรคภูมิใจไทย
ร่างพระราชบัญญัติการรื้อฟื้นคดีอาญาขึ้นพิจารณาใหม่ (ฉบับที่ ..) พ.ศ. ....,REJECTED,2021-02-09,กระบวนการยุติธรรม,พรรคพลังประชารัฐ
ร่างพระราชบัญญัติการบริหารราชการในสถานการณ์ฉุกเฉิน พ.ศ. ....,REJECTED,2020-06-18,การเมือง,พรรคประชาชน
ร่างพระราชบัญญัติกองทุนเงินให้กู้ยืมเพื่อการศึกษา (ฉบับที่ ..) พ.ศ. ....,REJECTED,2019-10-28,การศึกษา,พรรคภูมิใจไทย
ร่างพระราชบัญญัติกองทุนเงินให้กู้ยืมเพื่อการศึกษา (ฉบับที่ ..) พ.ศ. ....,REJECTED,2019-10-28,การศึกษา,พรรคภูมิใจไทย
ร่างพระราชบัญญัติกัญชา กัญชง พ.ศ. ....,REJECTED,2022-01-26,สาธารณสุข,พรรคภูมิใจไทย
ร่างพระราชบัญญัติกัญชา กัญชง พ.ศ. ....,REJECTED,2022-01-26,สาธารณสุข,พรรคภูมิใจไทย
พระราชบัญญัติแก้ไขเพิ่มเติมคำสั่งหัวหน้าคณะรักษาความสงบแห่งชาติ ที่ 19/2560 เรื่อง การปฏิรูปการศึกษาในภูมิภาคของกระทรวงศึกษาธิการ ลงวันที่ 3 เมษายน พุทธศักราช 2560 พ.ศ. 2565,ENACTED,2021-02-03,การศึกษา,พรรคพลังประชารัฐ
พระราชบัญญัติแก้ไขเพิ่มเติมคำสั่งหัวหน้าคณะรักษาความสงบแห่งชาติ ที่ 19/2560 เรื่อง การปฏิรูปการศึกษาในภูมิภาคของกระทรวงศึกษาธิการ ลงวันที่ 3 เมษายน พุทธศักราช 2560 พ.ศ. 2565,ENACTED,2021-02-03,การศึกษา,พรรคเศรษฐกิจ
พระราชบัญญัติแก้ไขเพิ่มเติมคำสั่งหัวหน้าคณะรักษาความสงบแห่งชาติ ที่ 19/2560 เรื่อง การปฏิรูปการศึกษาในภูมิภาคของกระทรวงศึกษาธิการ ลงวันที่ 3 เมษายน พุทธศักราช 2560 พ.ศ. 2565,ENACTED,2021-02-03,การศึกษา,พรรคพลังประชารัฐ
พระราชบัญญัติแก้ไขเพิ่มเติมคำสั่งหัวหน้าคณะรักษาความสงบแห่งชาติ ที่ 19/2560 เรื่อง การปฏิรูปการศึกษาในภูมิภาคของกระทรวงศึกษาธิการ ลงวันที่ 3 เมษายน พุทธศักราช 2560 พ.ศ. 2565,MERGED,2020-05-27,การศึกษา,พรรคเพื่อไทย
ร่างพระราชบัญญัติจัดตั้งศาลจังหวัดที่อำเภอสุไหงปาดี จังหวัดนราธิวาส พ.ศ. ....,REJECTED,2019-11-22,กระบวนการยุติธรรม,พรรคประชาชาติ
ร่างพระราชบัญญัติแก้ไขเพิ่มเติมคำสั่งหัวหน้าคณะรักษาความสงบแห่งชาติ ที่ 11/2561 เรื่อง การแก้ไของค์ประกอบของคณะกรรมการมาตรฐานวิชาชีพตามกฎหมายว่าด้วยสภาครูและบุคลากรทางการศึกษา ลงวันที่ 25 กรกฎาคม พุทธศักราช 2561 พ.ศ. ....,REJECTED,2023-03-22,การศึกษา,พรรคประชาชน
ร่างพระราชบัญญัติการแบ่งปันผลประโยชน์ยางพารา พ.ศ. ....,REJECTED,2019-09-13,เศรษฐกิจ,พรรคภูมิใจไทย
ร่างพระราชบัญญัติการแบ่งปันผลประโยชน์ยางพารา พ.ศ. ....,REJECTED,2019-09-13,เศรษฐกิจ,พรรคภูมิใจไทย
ร่างพระราชบัญญัติระเบียบบริหารราชการนครสมุย พ.ศ. ....,REJECTED,2020-02-20,การเมือง,พรรคประชาธิปัตย์
ร่างพระราชบัญญัติการแบ่งปันผลประโยชน์มันสำปะหลัง พ.ศ. ....,REJECTED,2019-09-13,เศรษฐกิจ,พรรคภูมิใจไทย
ร่างพระราชบัญญัติการแบ่งปันผลประโยชน์มันสำปะหลัง พ.ศ. ....,REJECTED,2019-09-13,เศรษฐกิจ,พรรคภูมิใจไทย
ร่างพระราชบัญญัติส่งเสริมและพัฒนาคุณภาพชีวิตคนพิการ (ฉบับที่ ..) พ.ศ. ....,REJECTED,2023-02-22,สวัสดิการ,พรรคประชาธิปัตย์
ร่างพระราชบัญญัติส่งเสริมการเดินทางไปพุทธสังเวชนียสถาน พ.ศ. ....,REJECTED,2022-01-27,วัฒนธรรม,พรรคเพื่อไทย
ร่างพระราชบัญญัติแก้ไขเพิ่มเติมพระราชกำหนดการประมง พ.ศ. 2558 พ.ศ. ....,MERGED,2021-03-18,สิ่งแวดล้อม,พรรคชาติไทยพัฒนา
ร่างพระราชบัญญัติการแบ่งปันผลประโยชน์ข้าว พ.ศ. ....,REJECTED,2019-09-13,เศรษฐกิจ,พรรคภูมิใจไทย
ร่างพระราชบัญญัติการแบ่งปันผลประโยชน์ข้าว พ.ศ. ....,REJECTED,2019-09-13,เศรษฐกิจ,พรรคภูมิใจไทย
ร่างพระราชบัญญัติวิธีพิจารณาคดีจราจร พ.ศ. ....,REJECTED,2019-08-08,กระบวนการยุติธรรม,พรรคชาติไทยพัฒนา
ร่างพระราชบัญญัติสภาองค์กรส่งเสริมกิจการพระพุทธศาสนา พ.ศ. ....,REJECTED,2022-01-27,วัฒนธรรม,พรรคเพื่อไทย
"ร่างพระราชบัญญัติแก้ไขเพิ่มเติมประมวลกฎหมายอาญา (ฉบับที่ ..) พ.ศ. .... 
(แก้ไขเพิ่มเติมเกี่ยวกับการนับอายุความกรณีผู้กระทำความผิดหลบหนี)",IN_PROGRESS,2025-10-22,กระบวนการยุติธรรม,พรรคประชาชาติ
ร่างพระราชบัญญัติสภาตำบลและองค์การบริหารส่วนตำบล (ฉบับที่ ..) พ.ศ. ....,MERGED,2025-09-10,การเมือง,พรรคชาติไทยพัฒนา
ร่างพระราชบัญญัติเทศบาล (ฉบับที่ ..) พ.ศ. ....,MERGED,2025-09-10,การเมือง,พรรคชาติไทยพัฒนา
ร่างพระราชบัญญัติองค์การบริหารส่วนจังหวัด (ฉบับที่ ..) พ.ศ. ....,MERGED,2025-09-10,การเมือง,พรรคชาติไทยพัฒนา
ร่างพระราชบัญญัติอาสาสมัครเกษตร พ.ศ. ....,IN_PROGRESS,2025-12-10,เศรษฐกิจ,พรรคพลังประชารัฐ
ร่างพระราชบัญญัติอาสาสมัครเกษตร พ.ศ. ....,IN_PROGRESS,2025-12-10,เศรษฐกิจ,พรรคกล้าธรรม
"ร่างพระราชบัญญัติคุ้มครองเด็กที่เกิดโดยอาศัยเทคโนโลยีช่วยการเจริญพันธุ์ทางการแพทย์ 
(ฉบับที่ ..) พ.ศ. ....",IN_PROGRESS,2025-12-11,สาธารณสุข,พรรคใหม่
"ร่างพระราชบัญญัติคุ้มครองเด็กที่เกิดโดยอาศัยเทคโนโลยีช่วยการเจริญพันธุ์ทางการแพทย์ 
(ฉบับที่ ..) พ.ศ. ....",IN_PROGRESS,2025-12-11,สาธารณสุข,พรรคกล้าธรรม
ร่างพระราชบัญญัติว่าด้วยค่าบริการพิเศษ พ.ศ. ....,REJECTED,2024-08-22,อื่นๆ,พรรคภูมิใจไทย
ร่างพระราชบัญญัติระเบียบบริหารราชการเมืองพัทยา (ฉบับที่ ..) พ.ศ. ....,IN_PROGRESS,2025-09-10,การเมือง,พรรคประชาชน
ร่างพระราชบัญญัติสภาตำบลและองค์การบริหารส่วนตำบล (ฉบับที่ ..) พ.ศ. ....,IN_PROGRESS,2025-09-10,การเมือง,พรรคประชาชน
ร่างพระราชบัญญัติเทศบาล (ฉบับที่ ..) พ.ศ. ....,IN_PROGRESS,2025-09-10,การเมือง,พรรคประชาชน
ร่างพระราชบัญญัติการบริหารงานและการให้บริการภาครัฐผ่านระบบดิจิทัล (ฉบับที่ ..) พ.ศ. ....,IN_PROGRESS,2025-10-30,อื่นๆ,พรรคประชาชน
ร่างพระราชบัญญัติสถานบริการ พ.ศ. ....,IN_PROGRESS,2025-09-24,การเมือง,พรรคเพื่อไทย
ร่างพระราชบัญญัติระเบียบบริหารราชการกรุงเทพมหานคร (ฉบับที่ ..) พ.ศ. ....,IN_PROGRESS,2025-09-11,การเมือง,พรรคประชาชน
ร่างพระราชบัญญัติการเลือกตั้งสมาชิกสภาท้องถิ่นหรือผู้บริหารท้องถิ่น (ฉบับที่ ..) พ.ศ. ....,IN_PROGRESS,2025-09-10,การเมือง,พรรคประชาชน
ร่างพระราชบัญญัติส่งเสริมวัฒนธรรมสร้างสรรค์ พ.ศ. ....,REJECTED,2025-10-30,วัฒนธรรม,พรรคเพื่อไทย
ร่างพระราชบัญญัติคุ้มครองสิทธิผู้เอาประกันภัยสุขภาพ พ.ศ. ....,IN_PROGRESS,2025-11-20,สาธารณสุข,พรรคเพื่อไทย
ร่างพระราชบัญญัติแก้ไขเพิ่มเติมประมวลกฎหมายยาเสพติด (ฉบับที่ ..) พ.ศ. ....,IN_PROGRESS,2025-06-25,กระบวนการยุติธรรม,พรรคประชาชน
"ร่างพระราชบัญญัติการเลือกตั้งสมาชิกสภาท้องถิ่นหรือผู้บริหารท้องถิ่น (ฉบับที่ ..) พ.ศ. .... 
(การเพิ่มความสะดวกและการมีส่วนร่วมของประชาชนในการใช้สิทธิเลือกตั้งท้องถิ่น)",IN_PROGRESS,2025-09-09,การเมือง,พรรคประชาชน
ร่างพระราชบัญญัติคุ้มครองข้อมูลส่วนบุคคล (ฉบับที่ ..) พ.ศ. ....,IN_PROGRESS,2025-10-30,อื่นๆ,พรรคประชาชน
ร่างพระราชบัญญัติราชทัณฑ์ (ฉบับที่ ..) พ.ศ. ....,IN_PROGRESS,2025-02-06,กระบวนการยุติธรรม,พรรคประชาธิปัตย์
ร่างพระราชบัญญัติราชทัณฑ์ (ฉบับที่ ..) พ.ศ. ....,IN_PROGRESS,2025-02-06,กระบวนการยุติธรรม,พรรครวมไทยสร้างชาติ
ร่างพระราชบัญญัติราชทัณฑ์ (ฉบับที่ ..) พ.ศ. ....,IN_PROGRESS,2025-02-06,กระบวนการยุติธรรม,พรรคประชาธิปัตย์
ร่างพระราชบัญญัติสถานบริการ (ฉบับที่ ..) พ.ศ. ....,IN_PROGRESS,2025-10-03,การเมือง,พรรคประชาชน
ร่างพระราชบัญญัติแก้ไขเพิ่มเติมประมวลกฎหมายวิธีพิจารณาความอาญา (ฉบับที่ ..) พ.ศ. ....,IN_PROGRESS,2025-10-22,กระบวนการยุติธรรม,พรรคประชาชน
ร่างพระราชบัญญัติสถานบริการ พ.ศ. ....,IN_PROGRESS,2025-09-24,การเมือง,พรรคเพื่อไทย
